ISIN,Year,TotalAssets,CurrentAssets,Inventory,CurrentLiabilities,Equity,LongTermDebt,ShortTermDebt,NetIncome,TotalDebt,ROA,ROE,DebtToEquity,DebtToAssets,CurrentRatio,QuickRatio,LogTotalAssets,FirmAge,Sector,SectorSection,ESG_Score
GB0000055888,2021,592700.0,266200.0,77800.0,190300.0,290400.0,84000.0,71400.0,25200.0,155400.0,0.04251729374050953,0.08677685950413223,0.5351239669421488,0.2621899780664754,1.3988439306358382,0.9900157645822386,13.29244364777593,35.0,26,C,37.4374969272694
GB0000055888,2022,585700.0,249800.0,90000.0,151200.0,303600.0,101500.0,39900.0,21300.0,141400.0,0.03636674065221103,0.07015810276679842,0.4657444005270092,0.24142052245176712,1.652116402116402,1.056878306878307,13.280562992077874,36.0,26,C,42.5845845708714
GB0000055888,2023,668700.0,287700.0,80100.0,185400.0,301600.0,150500.0,78700.0,15500.0,229200.0,0.023179303125467326,0.05139257294429708,0.7599469496021221,0.3427545984746523,1.551779935275081,1.1197411003236246,13.41309080804207,37.0,26,C,42.3285282245177
GB0000904986,2019,3889857.0,3806682.0,3477583.0,869269.0,2921174.0,11923.0,0.0,538554.0,11923.0,0.13845084793605522,0.18436217767240157,0.004081578160013748,0.0030651512382074714,4.379176066326994,0.3785928176433302,15.17388295399348,41.0,41,F,55.5838043079465
GB0000904986,2020,4083600.0,3984300.0,3863000.0,955800.0,2994000.0,14100.0,50000.0,192900.0,64100.0,0.04723773141345871,0.06442885771543086,0.021409485637942552,0.01569693407777451,4.1685499058380415,0.25726854485909956,15.222489510276997,42.0,41,F,59.2606692675752
GB0000904986,2021,4676800.0,4574700.0,4032200.0,1072100.0,3287800.0,144300.0,0.0,390700.0,144300.0,0.08354002736914129,0.11883326236389075,0.043889530993369424,0.030854430379746837,4.26704598451637,0.5060162298293069,15.358124673339118,43.0,41,F,59.5474102498806
GB0000904986,2022,4985100.0,4913500.0,4423600.0,971000.0,3367800.0,144300.0,0.0,242600.0,144300.0,0.04866502176485928,0.07203515648197636,0.0428469624086941,0.02894625985436601,5.0602471678681775,0.5045314109165808,15.421964021357415,44.0,41,F,52.5479945152827
GB0000904986,2023,5114100.0,5034700.0,4575600.0,1005500.0,3461600.0,141900.0,0.0,365000.0,141900.0,0.07137130677929646,0.10544256990986826,0.04099260457591865,0.027746817621868952,5.007160616608652,0.45658876181004476,15.447511988807126,45.0,41,F,53.4438605302227
GB0000961622,2019,4841000.0,2197000.0,101000.0,2353000.0,1377000.0,607000.0,39000.0,130000.0,646000.0,0.026853955794257384,0.0944081336238199,0.4691358024691358,0.1334435034083867,0.9337016574585635,0.890777730556736,15.392631868921832,74.0,42,F,75.8221961129781
GB0000961622,2020,4685000.0,2038000.0,114000.0,2198000.0,1345000.0,600000.0,6000.0,30000.0,606000.0,0.0064034151547491995,0.022304832713754646,0.45055762081784384,0.12934898612593382,0.9272065514103731,0.8753412192902639,15.35987647365466,75.0,42,F,76.7055409652876
GB0000961622,2021,4846000.0,2223000.0,104000.0,2399000.0,1376000.0,532000.0,39000.0,140000.0,571000.0,0.028889806025588115,0.10174418604651163,0.41497093023255816,0.11782913743293438,0.9266360983743226,0.8832847019591497,15.393664180358607,76.0,42,F,73.4028135802669
GB0000961622,2022,5123000.0,2481000.0,114000.0,2722000.0,1383000.0,486000.0,203000.0,288000.0,689000.0,0.056217060316220965,0.20824295010845986,0.4981923355025307,0.13449150888151473,0.911462160176341,0.869581190301249,15.44925076292134,77.0,42,F,77.2543407684666
GB0000961622,2023,5265000.0,2749000.0,124000.0,2719000.0,1208000.0,816000.0,113000.0,197000.0,929000.0,0.03741690408357075,0.1630794701986755,0.7690397350993378,0.17644824311490978,1.0110334681868334,0.965428466347922,15.476591703550213,78.0,42,F,74.1345359982937
GB0001638955,2019,1521839.0,88570.0,23717.0,326671.0,316812.0,776683.0,0.0,72777.0,776683.0,0.04782174724133105,0.2297166773985834,2.451558021792104,0.5103581916352519,0.3003992707242396,0.25726854485909956,14.235430029942506,36.0,56,I,53.1669480747665
GB0001638955,2020,2248670.0,241771.0,23095.0,331076.0,317248.0,1491631.0,7610.0,-97561.0,1499241.0,-0.0433860904445739,-0.3075228212628606,4.7257697448053255,0.6667234409673274,0.730258309270379,0.6605009121772645,14.625849488294442,37.0,56,I,55.1660700307537
GB0001638955,2021,2009658.0,91513.0,26853.0,335624.0,277977.0,1341868.0,7610.0,-177006.0,1349478.0,-0.08807767291748148,-0.6367649122049666,4.85463905287128,0.67149634415408,0.3003992707242396,0.25726854485909956,14.5134751163045,38.0,56,I,62.471324272671
GB0001638955,2022,1960242.0,101261.0,32483.0,313409.0,384393.0,1195825.0,4324.0,36915.0,1200149.0,0.018831858515428197,0.096034527163606,3.122192651791266,0.6122453248119365,0.32309538015819583,0.25726854485909956,14.488578492972737,39.0,56,I,56.3430838531209
GB0001638955,2023,1979904.0,159110.0,34558.0,387257.0,413058.0,1119437.0,4200.0,59587.0,1123637.0,0.030095903639772433,0.14425819134358855,2.7202886761665432,0.5675209505107318,0.41086410316663097,0.3216262068858665,14.498558916646806,40.0,56,I,54.7098395715354
GB0001859296,2019,1795188.0,1675003.0,475450.0,383596.0,1271966.0,16686.0,0.0,138379.0,16686.0,0.0770832915549792,0.10879142995960583,0.013118275174021947,0.009294848227595104,4.366580986245946,3.127125934577003,14.400620309796194,84.0,41,F,52.1979309252617
GB0001859296,2020,3632194.0,2416881.0,733314.0,966422.0,2195082.0,279951.0,50000.0,76813.0,329951.0,0.021147824152564536,0.034993225765597824,0.15031374682130325,0.0908406874742924,2.5008546990859064,1.7420619563710262,15.105347431373755,85.0,41,F,58.1501283177217
GB0001859296,2021,3843249.0,2602289.0,806136.0,988904.0,2390581.0,183096.0,0.0,254125.0,183096.0,0.06612243963375779,0.10630261011862807,0.07659058613784682,0.04764094129732422,2.63148799074531,1.8163067395824064,15.161828660578363,86.0,41,F,56.0034766822904
GB0001859296,2022,6015700.0,4067400.0,2838100.0,1570300.0,3249700.0,580500.0,49900.0,204300.0,630400.0,0.03396113503000482,0.06286734160076314,0.19398713727420994,0.1047924597303722,2.590205693179647,0.7828440425396421,15.609883276347135,87.0,41,F,55.462436725902
GB0001859296,2023,6070800.0,4134000.0,3080200.0,1611500.0,3303900.0,580800.0,0.0,215000.0,580800.0,0.0354154312446465,0.06507460879566573,0.17579224552801234,0.09567108124135204,2.5653118212845176,0.653924914675768,15.619000950068028,88.0,41,F,52.2609087305623
GB0002018363,2019,619400.0,269500.0,1100.0,170600.0,380600.0,53800.0,1200.0,-12800.0,55000.0,-0.020665159832095575,-0.033631108775617445,0.14450867052023122,0.08879560865353568,1.5797186400937866,1.5732708089097303,13.336506546521239,45.0,52,H,38.7166228299953
GB0002018363,2020,572700.0,282600.0,1300.0,177400.0,328400.0,47800.0,0.0,-28900.0,47800.0,-0.050462720447005414,-0.08800243605359317,0.14555420219244825,0.08346429195041034,1.593010146561443,1.5856820744081173,13.258117298381949,46.0,52,H,37.9135986603031
GB0002018363,2021,682100.0,391800.0,1500.0,257300.0,361600.0,44100.0,0.0,50100.0,44100.0,0.07344964081512975,0.1385508849557522,0.12195796460176991,0.06465327664565312,1.5227361057131752,1.5169063350174894,13.432931553642812,47.0,52,H,46.7843098624187
GB0002018363,2022,832300.0,543400.0,2400.0,366200.0,413200.0,37700.0,0.0,75600.0,37700.0,0.09083263246425567,0.1829622458857696,0.09123910939012585,0.04529616724738676,1.4838885854724195,1.4773347897323867,13.631948231734187,48.0,52,H,40.9398043416545
GB0002018363,2023,875600.0,591000.0,3300.0,371300.0,456600.0,32800.0,0.0,83800.0,32800.0,0.09570580173595249,0.1835304424003504,0.0718353044240035,0.03746002740977615,1.5917048208995421,1.5828171290061945,13.682664644630846,49.0,52,H,44.789669505746
GB0002074580,2019,803600.0,209200.0,36000.0,104200.0,487100.0,105800.0,2100.0,7800.0,107900.0,0.009706321553011448,0.016013138985834532,0.22151508930404434,0.13427078148332502,2.0076775431861806,1.6621880998080614,13.596856911922917,25.0,72,M,47.8484319527634
GB0002074580,2020,855400.0,223800.0,37400.0,130200.0,494500.0,124700.0,9200.0,35300.0,133900.0,0.04126724339490297,0.07138523761375126,0.27077856420626895,0.15653495440729484,1.7188940092165899,1.4316436251920124,13.659324474774944,26.0,72,M,48.2138025948365
GB0002074580,2021,851000.0,231700.0,37000.0,142500.0,496600.0,128700.0,13900.0,47300.0,142600.0,0.055581668625146886,0.09524768425291985,0.28715263793797824,0.16756756756756758,1.6259649122807018,1.3663157894736842,13.65416740755551,27.0,72,M,49.3475352437135
GB0002074580,2022,1017900.0,257500.0,50900.0,151300.0,572100.0,206600.0,7100.0,40900.0,213700.0,0.040180764318695356,0.07149099807725923,0.3735360950882713,0.20994203752824442,1.7019167217448776,1.365499008592201,13.833252239440432,28.0,72,M,62.1514863081986
GB0002074580,2023,1007500.0,259000.0,61300.0,147200.0,567200.0,217900.0,4200.0,33300.0,222100.0,0.03305210918114144,0.05870944992947814,0.39157263751763044,0.22044665012406947,1.7595108695652173,1.343070652173913,13.822982572802974,29.0,72,M,56.4173004154139
GB0002318888,2019,995500.0,354700.0,75500.0,213800.0,614500.0,158100.0,0.0,82700.0,158100.0,0.08307383224510297,0.13458096013018714,0.25728234336859235,0.15881466599698643,1.6590271281571563,1.3058933582787653,13.811000402486387,47.0,10,C,51.4041484756041
GB0002318888,2020,1041900.0,384500.0,81800.0,232200.0,686100.0,118900.0,0.0,92500.0,118900.0,0.08878011325463096,0.13481999708497303,0.17329835300976534,0.11411843747000672,1.6559000861326443,1.3036175710594315,13.856556527400276,48.0,10,C,64.7349077108302
GB0002318888,2021,1143100.0,400500.0,105200.0,259800.0,768900.0,92400.0,0.0,103500.0,92400.0,0.09054325955734406,0.13460788138899726,0.12017167381974249,0.08083282302510716,1.5415704387990763,1.136643571978445,13.94925442801387,49.0,10,C,65.2004111854875
GB0002318888,2022,1264800.0,494700.0,113000.0,288100.0,842900.0,107300.0,0.0,111400.0,107300.0,0.08807716635041113,0.13216277138450588,0.12729861193498634,0.08483554712207464,1.717112113849358,1.3248871919472405,14.0504245648774,50.0,10,C,68.3108726353432
GB0002318888,2023,1384000.0,551700.0,113700.0,331400.0,911500.0,109200.0,0.0,113100.0,109200.0,0.08171965317919075,0.12408118486012068,0.11980252331321997,0.07890173410404624,1.664755582377791,1.3216656608328303,14.140488415159751,51.0,10,C,71.8506679645691
GB0002418548,2019,1451968.14219752,299584.650796685,128567.617881966,133749.952212715,690622.260371294,450100.978785353,1676.63757759529,35361.8107274642,451777.6163629483,0.024354398488347632,0.051202824983447394,0.6541602295299062,0.311148435859752,2.239886039886038,1.278632478632476,14.188430533490862,22.0,20,C,58.0779002823048
GB0002418548,2020,1367808.38165141,292250.189193551,122429.133310812,144262.204558571,641132.235548525,408196.465171411,2757.07725654294,-49925.4530238856,410953.5424279539,-0.036500326868598804,-0.07787075778707578,0.640980939098094,0.30044672041839166,2.0258264462809894,1.1771694214876014,14.128720295461404,23.0,20,C,62.6717120941252
GB0002418548,2021,1367128.30198624,310332.020634904,138529.117390635,145079.66136182,670686.37704977,384323.392309429,0.0,1860.94999181401,384323.392309429,0.00136121093324622,0.002774694783573804,0.5730299667036615,0.2811172819340091,2.139045664443305,1.1841970241149296,14.128222967912102,24.0,20,C,74.9771185557513
GB0002418548,2022,1348193.98719932,289608.972665128,150812.111659666,143768.688862374,649569.309505561,368661.035590029,2237.32253561043,-42343.4005813677,370898.3581256394,-0.03140749846342962,-0.06518688608240841,0.5709911978568687,0.27510755992624447,2.0144092219020173,0.9654178674351591,14.114276467518604,25.0,20,C,78.9225036974119
GB0002418548,2023,1186761.82800309,274429.8391472,128224.299664486,124769.388957053,665305.873274458,231636.058793774,0.0,20807.9849424916,231636.058793774,0.017533412729919234,0.031275817302018165,0.34816475864510726,0.195183273785893,2.19949653870359,1.1718061674008804,13.986739003082322,26.0,20,C,76.2608710259993
GB0002652740,2019,5633100.0,153800.0,0.0,113700.0,4476900.0,1036100.0,0.0,283400.0,1036100.0,0.050309776144574034,0.06330273180102303,0.2314324644285108,0.18393069535424544,1.3526824978012313,1.3526824978012313,15.544170470249012,35.0,68,L,62.3862411652049
GB0002652740,2020,5531400.0,139800.0,0.0,107800.0,4315100.0,1099800.0,0.0,-77600.0,1099800.0,-0.014028998083667787,-0.017983360756413526,0.2548724247410257,0.19882850634559063,1.2968460111317255,1.2968460111317255,15.52595150601474,36.0,68,L,64.7088719243614
GB0002652740,2021,5909600.0,179100.0,400.0,210600.0,4441800.0,1256500.0,12300.0,252300.0,1268800.0,0.04269324488967104,0.056801296771579086,0.2856499617272277,0.21470150263977258,0.8504273504273504,0.8485280151946819,15.592088705196666,37.0,68,L,58.6560610926225
GB0002652740,2022,5509400.0,160700.0,2300.0,169200.0,4075500.0,1263900.0,19700.0,-280500.0,1283600.0,-0.05091298508004501,-0.06882591093117409,0.31495522021837813,0.23298362798126837,0.9497635933806147,0.9361702127659575,15.521966282277873,38.0,68,L,65.0337036718503
GB0002652740,2023,5028000.0,185000.0,8900.0,251400.0,3508800.0,1267400.0,102900.0,-476400.0,1370300.0,-0.09474940334128878,-0.13577291381668946,0.3905323757409941,0.2725338106603023,0.7358790771678599,0.7004773269689738,15.430532848692275,39.0,68,L,78.1734560730617
GB0002869419,2019,1616321.0,59712.0,412.0,37925.0,1163876.0,414193.0,2728.0,92576.0,416921.0,0.057275751536978114,0.07954111950070282,0.3582177139145407,0.2579444305926855,1.5744759393539882,1.5636123928806855,14.295663136951001,21.0,52,H,79.1345868358794
GB0002869419,2020,1842299.0,20452.0,366.0,39179.0,1453895.0,348750.0,2865.0,265186.0,351615.0,0.1439429755973379,0.18239694063188883,0.24184346187310637,0.19085664162006274,0.5220143444192041,0.5126726052221854,14.426524806185691,22.0,52,H,79.4614001336201
GB0002869419,2021,2670380.0,16844.0,483.0,52315.0,2184375.0,433690.0,3008.0,697274.0,436698.0,0.2611141485481467,0.31920984263233193,0.19991896995708155,0.16353402886480575,0.32197266558348464,0.31274013189333844,14.797731342346982,23.0,52,H,83.1341936382401
GB0002869419,2022,2751987.0,17455.0,496.0,62454.0,2182446.0,507087.0,3159.0,73332.0,510246.0,0.026646928201332347,0.033600831360775935,0.23379547535196746,0.18541003282355623,0.3003992707242396,0.27154385627822075,14.827833754187004,24.0,52,H,81.3729951252598
GB0002869419,2023,2908011.0,19958.0,486.0,54966.0,2448370.0,402845.0,3317.0,239833.0,406162.0,0.08247320935168402,0.09795619126194162,0.16589077631240376,0.13967003563604127,0.3630971873521813,0.35425535785758466,14.882979900296894,25.0,52,H,77.7135283137861
GB0003452173,2019,8443500.0,2217400.0,63300.0,2920300.0,1176700.0,3502900.0,91100.0,-327200.0,3594000.0,-0.03875170249304199,-0.27806577717345116,3.0543044106399253,0.42565286907088296,0.7593055507995754,0.7376296955792213,15.948907472554328,24.0,49,H,66.0854490051237
GB0003452173,2020,8292900.0,2160300.0,29400.0,4185600.0,1154100.0,2492000.0,362700.0,78400.0,2854700.0,0.009453870178104161,0.06793172168789532,2.4735291569188114,0.3442342244570657,0.5161267201834863,0.5091026376146789,15.930910284998165,25.0,49,H,74.7384052725056
GB0003452173,2021,3833900.0,1528200.0,28900.0,2075000.0,885100.0,736800.0,96500.0,636400.0,833300.0,0.16599285323039203,0.7190148005875042,0.9414755394870636,0.21735047862489892,0.7364819277108434,0.7225542168674699,15.159393119827126,26.0,49,H,65.9743266773733
GB0003452173,2022,4406200.0,1745400.0,26000.0,1999300.0,750800.0,1512300.0,100200.0,87100.0,1612500.0,0.019767600199718578,0.11600958977091103,2.1477091102823653,0.3659615995642504,0.8730055519431801,0.8600010003501225,15.298523197960602,27.0,49,H,58.8038525877326
GB0003452173,2023,3807400.0,1381400.0,25900.0,2003100.0,641700.0,978900.0,27800.0,-15900.0,1006700.0,-0.004176078163576194,-0.024777933613838243,1.5688016206950288,0.26440615643221094,0.6896310718386501,0.6767011132744246,15.152457099453825,28.0,49,H,57.3378569224551
GB0004161021,2019,1502900.0,1160600.0,0.0,785900.0,701500.0,0.0,0.0,161700.0,0.0,0.10759198882161156,0.23050605844618674,0.0,0.0,1.4767782160580227,1.4767782160580227,14.222907132922186,32.0,78,N,51.3007021170198
GB0004161021,2020,1939900.0,1367700.0,0.0,884900.0,853400.0,184900.0,0.0,47500.0,184900.0,0.024485798237022526,0.05565971408483712,0.21666276072181861,0.09531419145316769,1.54559837269748,1.54559837269748,14.478146983319197,33.0,78,N,48.501762666395
GB0004161021,2021,1873500.0,1343900.0,0.0,823000.0,871800.0,164200.0,0.0,61500.0,164200.0,0.03282626100880705,0.07054370268410186,0.18834595090617115,0.08764344809180678,1.6329283110571082,1.6329283110571082,14.44331889721588,34.0,78,N,50.2679848996983
GB0004161021,2022,2077400.0,1506500.0,0.0,1116900.0,796200.0,145300.0,0.0,154200.0,145300.0,0.07422739963415809,0.19366993217784476,0.18249183622205475,0.06994319822855492,1.3488226340764615,1.3488226340764615,14.546627669775848,35.0,78,N,53.8991560653627
GB0004161021,2023,1904000.0,1397100.0,0.0,1059600.0,670300.0,158500.0,0.0,138300.0,158500.0,0.07263655462184875,0.20632552588393258,0.23646128599134716,0.08324579831932773,1.3185164212910532,1.3185164212910532,14.459467494333447,36.0,78,N,57.1329589771968
GB0004270301,2019,712500.0,270800.0,100700.0,142800.0,307000.0,230300.0,400.0,48400.0,230700.0,0.0679298245614035,0.15765472312703582,0.7514657980456027,0.3237894736842105,1.8963585434173669,1.1911764705882353,13.476535191124942,59.0,25,C,55.5576200775131
GB0004270301,2020,646700.0,242300.0,96300.0,142700.0,320500.0,151000.0,8600.0,24000.0,159600.0,0.03711148909850008,0.0748829953198128,0.49797191887675507,0.24679140250502551,1.6979677645409952,1.02312543798178,13.379637787434683,60.0,25,C,51.5445362185745
GB0004270301,2021,673300.0,261400.0,108100.0,153600.0,339600.0,151100.0,1900.0,34200.0,153000.0,0.05079459379177187,0.10070671378091872,0.450530035335689,0.22723897222634784,1.7018229166666667,0.998046875,13.419946274533372,61.0,25,C,52.1627894931734
GB0004270301,2022,694300.0,285000.0,113800.0,142100.0,395000.0,135500.0,300.0,56700.0,135800.0,0.08166498631715396,0.14354430379746835,0.34379746835443037,0.19559268327812185,2.0056298381421533,1.2047853624208305,13.450659422741365,62.0,25,C,52.6066513887763
GB0004270301,2023,715000.0,281100.0,106100.0,139500.0,424500.0,133400.0,1400.0,68800.0,134800.0,0.09622377622377623,0.16207302709069493,0.31755005889281507,0.18853146853146854,2.0150537634408603,1.2544802867383513,13.480037821676145,63.0,25,C,50.7020563635721
GB0004657408,2021,1821400.0,1083300.0,11900.0,1154600.0,425800.0,129500.0,171100.0,50700.0,300600.0,0.027835730756560886,0.11906998590887741,0.7059652418976045,0.1650378829471835,0.9382470119521913,0.9279404122639875,14.415115994115855,85.0,81,N,77.6090829705219
GB0004657408,2022,1827400.0,1049700.0,13500.0,1069800.0,421700.0,254000.0,32000.0,91100.0,286000.0,0.04985224909707781,0.21603035333175244,0.6782072563433721,0.1565065119842399,0.9812114413909142,0.968592260235558,14.418404749546657,86.0,81,N,75.6786575513187
GB0004657408,2023,1927800.0,1043500.0,14700.0,1126500.0,473700.0,247700.0,73800.0,130900.0,321500.0,0.06790123456790123,0.2763352332700021,0.6786995989022588,0.1667704118684511,0.9263204616067465,0.9132711939636041,14.471890014332004,87.0,81,N,73.7379372625868
GB0006027295,2019,1049200.0,459900.0,142300.0,334800.0,311700.0,229300.0,113400.0,73100.0,342700.0,0.06967213114754098,0.23452037215271093,1.0994546037856914,0.32662981319100265,1.3736559139784945,0.948626045400239,13.863538526974855,85.0,20,C,76.0753540374108
GB0006027295,2020,930500.0,416400.0,122400.0,279700.0,240000.0,220600.0,71300.0,-22500.0,291900.0,-0.02418054809242343,-0.09375,1.21625,0.31370231058570663,1.4887379335001787,1.051126206649982,13.743477355064442,86.0,20,C,73.2240196311949
GB0006027295,2021,912500.0,430600.0,140700.0,227800.0,349600.0,214000.0,0.0,73800.0,214000.0,0.08087671232876713,0.21109839816933637,0.6121281464530892,0.2345205479452055,1.8902546093064092,1.2726075504828798,13.723943364438783,87.0,20,C,68.8929880946287
GB0006027295,2022,1020300.0,496000.0,174200.0,283400.0,429600.0,271500.0,36100.0,88000.0,307600.0,0.08624914240909537,0.2048417132216015,0.7160148975791434,0.3014799568754288,1.7501764290755117,1.1354975299929428,13.835607259663396,88.0,20,C,76.4525372423541
GB0006027295,2023,1024700.0,493900.0,175100.0,239500.0,398600.0,345700.0,600.0,47300.0,346300.0,0.04615985166390163,0.11866532865027597,0.8687907676869042,0.3379525714843369,2.062212943632568,1.331106471816284,13.83991044478781,89.0,20,C,74.2354902656889
GB0006640972,2019,104770.79589996,80502.229072258,8730.70913133254,46365.887992418,47973.17374294,316.274815773656,0.0,32554.9670009717,316.274815773656,0.3107255864702669,0.6786077397216745,0.006592743216623243,0.0030187306783051432,1.7362382682161108,1.5479380002958625,11.560388370108916,98.0,70,M,36.7220510529509
GB0006640972,2020,99166.1076697272,66923.9520444958,8398.65344824201,38090.8851891789,48711.5938749915,9008.19106874259,0.0,2302.53208722099,9008.19106874259,0.02321894184744626,0.04726866653408991,0.18492909700019874,0.09083941359021953,1.7569544974373024,1.5364646504166837,11.560388370108916,99.0,70,M,60.292112973885
GB0006640972,2021,124893.564610615,95110.1765616272,15303.7083526817,54359.8380208807,61758.2308083365,8142.77278418138,0.0,16812.5666060445,8142.77278418138,0.1346151553801961,0.2722319986500494,0.1318491912349636,0.06519769701159853,1.749640543908418,1.4681145329809526,11.735217170451698,100.0,70,M,42.7174843876244
GB0006640972,2022,199115.905203495,159391.000626768,14990.0609885899,72423.7877536619,116191.617016035,10204.676676312,0.0,66409.5333227506,10204.676676312,0.33352199190155374,0.5715518470974181,0.08782627299957195,0.05124993237422643,2.200810059381475,1.9938330225054663,12.201642372363846,101.0,70,M,60.1264583424651
GB0006640972,2023,187114.823086632,146755.184367988,10678.8149138825,71689.3971792258,105610.338670382,8558.75607068522,0.0,83388.9811657588,8558.75607068522,0.4456567352077214,0.7895910780669138,0.08104089219330843,0.045740663029794355,2.047097480832421,1.898138006571742,12.139477734600396,102.0,70,M,54.5438184449154
GB0006650450,2019,464000.0,250500.0,58800.0,193900.0,251600.0,6500.0,24100.0,33800.0,30600.0,0.0728448275862069,0.1343402225755167,0.12162162162162163,0.06594827586206897,1.2919030428055698,0.9886539453326457,13.047639831208393,56.0,26,C,56.2761328850572
GB0006650450,2020,450700.0,269200.0,58700.0,174000.0,266200.0,4900.0,30400.0,41800.0,35300.0,0.09274461948080763,0.15702479338842976,0.13260706235912847,0.07832260927446195,1.547126436781609,1.2097701149425288,13.01855720867874,57.0,26,C,55.2189479823152
GB0006650450,2021,514000.0,258300.0,65300.0,165600.0,316400.0,16200.0,9200.0,38600.0,25400.0,0.07509727626459144,0.12199747155499367,0.08027812895069532,0.04941634241245136,1.559782608695652,1.1654589371980677,13.149978544437301,58.0,26,C,56.8518464468639
GB0006650450,2022,572000.0,309400.0,81400.0,193100.0,344000.0,27100.0,11600.0,58600.0,38700.0,0.10244755244755245,0.17034883720930233,0.1125,0.06765734265734266,1.6022786121180734,1.1807353702744692,13.256894270361935,59.0,26,C,55.3592405899772
GB0006650450,2023,606300.0,323900.0,108100.0,198200.0,365700.0,29500.0,13100.0,50700.0,42600.0,0.08362196932211777,0.13863822805578344,0.11648892534864644,0.070262246412667,1.6342078708375378,1.0887991927346115,13.315130192059822,60.0,26,C,62.9417807025326
GB0006928617,2019,5016700.0,178000.0,4000.0,244000.0,3098000.0,1667100.0,1400.0,-89200.0,1668500.0,-0.017780612753403632,-0.028792769528728213,0.5385732730794061,0.3325891522315466,0.7295081967213115,0.7131147540983607,15.428282904987247,23.0,55,I,64.7655060034206
GB0006928617,2020,5231900.0,451100.0,8800.0,167500.0,3260000.0,1786600.0,0.0,-121000.0,1786600.0,-0.023127353351554886,-0.037116564417177915,0.5480368098159509,0.34148206196601616,2.6931343283582088,2.640597014925373,15.470285058786667,24.0,55,I,60.1738310426331
GB0006928617,2021,5051100.0,464600.0,12100.0,242800.0,3554400.0,1253900.0,0.0,342400.0,1253900.0,0.06778721466611233,0.09633130767499437,0.35277402655863155,0.2482429569796678,1.913509060955519,1.863673805601318,15.435116599314,25.0,55,I,65.9810717821903
GB0007323586,2019,775825.0,403289.0,129026.0,95556.0,583277.0,9356.0,1043.0,92232.0,10399.0,0.11888247994070827,0.15812727057641565,0.01782857887418842,0.01340379595914027,4.220446649085353,2.870180836368203,13.561682258269002,46.0,26,C,57.5992103125863
GB0007323586,2020,766457.0,375266.0,105497.0,93690.0,546864.0,19407.0,1061.0,288.0,20468.0,0.0003757549347191036,0.0005266391643991925,0.037427952836537055,0.026704694457745183,4.00540078983883,2.8793788024335574,13.5495338765684,47.0,26,C,56.7963012074164
GB0007323586,2021,856880.0,497763.0,113563.0,103980.0,703330.0,15115.0,992.0,111459.0,16107.0,0.1300753897862011,0.15847326290645927,0.022901056403110916,0.01879726449444496,4.787103289094056,3.694941334872091,13.661053164438512,48.0,26,C,53.7775930649626
GB0007323586,2022,992767.0,590513.0,162482.0,132697.0,815170.0,11626.0,919.0,120351.0,12545.0,0.12122784097376323,0.14763914275549886,0.015389427972079444,0.012636399074505901,4.450085533207232,3.2256268039217164,13.80825127299697,49.0,26,C,51.1479037657713
GB0007323586,2023,1043537.0,573107.0,185757.0,102320.0,896658.0,5624.0,4694.0,116102.0,10318.0,0.11125815375976128,0.12948303589551424,0.011507174418786204,0.009887526747973479,5.556134870992963,3.785672400312744,13.858126462465421,50.0,26,C,50.0721312327414
GB0007973794,2019,2079400.0,726800.0,18300.0,775500.0,542900.0,534200.0,56100.0,50400.0,590300.0,0.024237760892565165,0.0928347762018788,1.0873088966660527,0.2838799653746273,0.9372018052869117,0.9136041263700838,14.547589948526007,33.0,82,N,68.5784859780444
GB0007973794,2020,2410300.0,976100.0,21400.0,868200.0,715000.0,592400.0,89700.0,133800.0,682100.0,0.05551176202132515,0.18713286713286714,0.953986013986014,0.28299381819690494,1.1242801197880672,1.0996314213314904,14.695261779047481,34.0,82,N,67.8332527520273
GB0007973794,2021,2734000.0,850800.0,19600.0,877300.0,1008400.0,616100.0,64900.0,303900.0,681000.0,0.11115581565471837,0.30136850456168185,0.675327251090837,0.2490855888807608,0.9697936851704092,0.9474524108058817,14.821276296266031,35.0,82,N,64.3632132234616
GB0007973794,2022,2750200.0,814000.0,22400.0,1024200.0,1029700.0,520000.0,44500.0,155400.0,564500.0,0.05650498145589412,0.15091774303195105,0.5482179275517141,0.20525779943276853,0.7947666471392306,0.772895918765866,14.82718419427098,36.0,82,N,71.1493496331615
GB0007973794,2023,2610300.0,782800.0,24100.0,897800.0,1033700.0,468900.0,51000.0,202400.0,519900.0,0.07753898019384745,0.19580148979394407,0.5029505659282191,0.19917250890702218,0.8719091111606149,0.8450657161951437,14.774975715222226,37.0,82,N,71.9225261548821
GB0008085614,2020,1488600.0,1101100.0,294200.0,988800.0,420100.0,400.0,67300.0,70700.0,67700.0,0.047494289936853416,0.1682932635086884,0.16115210664127588,0.045478973532177884,1.1135720064724919,0.8160396440129449,14.213346638907947,67.0,41,F,64.7296348574171
GB0008085614,2021,1707600.0,1324200.0,288500.0,1126900.0,474200.0,400.0,110200.0,97900.0,110600.0,0.05733192785195596,0.20645297342893293,0.2332349219738507,0.0647692668072148,1.1750820835921554,0.9190700150856331,14.350599433865945,68.0,41,F,74.7805743398695
GB0008085614,2022,1794400.0,1413600.0,333900.0,1191200.0,496200.0,0.0,77100.0,60900.0,77100.0,0.033938921087828804,0.12273276904474002,0.15538089480048367,0.04296700847079804,1.1867024848891874,0.9063969106783076,14.400181262188136,69.0,41,F,76.9276777669017
GB0008085614,2023,2030200.0,1618200.0,344700.0,1361100.0,568100.0,0.0,80600.0,117700.0,80600.0,0.057974583784848786,0.2071818341841225,0.14187643020594964,0.03970052211604768,1.1888913378884725,0.9356402909411505,14.523644868332468,70.0,41,F,81.7071825434579
GB0008794710,2019,482659.0,238232.0,4633.0,156614.0,221952.0,102989.0,0.0,35760.0,102989.0,0.0740895746272213,0.1611159169550173,0.46401474192618225,0.21337838929762007,1.5211411495779432,1.4915588644693323,13.087065679155637,23.0,61,J,9.63860365068609
GB0008794710,2020,462664.0,224679.0,6325.0,152669.0,212378.0,96472.0,0.0,32559.0,96472.0,0.07037288399356768,0.15330683969149347,0.45424667338424884,0.20851417011049056,1.4716740137159476,1.4302445159135122,13.044756367675406,24.0,61,J,12.1688783812052
GB0008794710,2021,465785.0,242245.0,4152.0,159153.0,205573.0,99981.0,0.0,35467.0,99981.0,0.07614457313996802,0.1725275206374378,0.4863527797911204,0.21465053619159055,1.5220888076253667,1.496000703725346,13.051479433251775,25.0,61,J,23.7122078355636
GB0008794710,2022,794739.0,566890.0,5698.0,472750.0,230708.0,90380.0,0.0,68426.0,90380.0,0.08609870661940587,0.29659136224144805,0.3917506111621617,0.1137228700239953,1.199132734003173,1.1870798519301957,13.585769037846815,26.0,61,J,23.8923390900296
GB0008794710,2023,651391.0,421150.0,3749.0,237324.0,232631.0,180330.0,0.0,71037.0,180330.0,0.10905431607129973,0.3053634296374946,0.7751761373161788,0.27683833519345524,1.774578213749979,1.7587812442062327,13.386865355333367,27.0,61,J,24.8441558080395
GB0009292243,2019,536200.0,212200.0,92200.0,53000.0,461600.0,0.0,0.0,92400.0,0.0,0.17232375979112272,0.2001733102253033,0.0,0.0,4.003773584905661,2.2641509433962264,13.192262504783995,26.0,22,C,41.9721433654147
GB0009292243,2020,549500.0,210900.0,98500.0,38000.0,481000.0,5600.0,0.0,54200.0,5600.0,0.09863512283894449,0.11268191268191269,0.011642411642411643,0.01019108280254777,5.55,2.957894736842105,13.216764052825813,27.0,22,C,44.7497421080785
GB0009292243,2021,615300.0,237600.0,70300.0,56000.0,511700.0,14100.0,0.0,73200.0,14100.0,0.1189663578742077,0.14305256986515535,0.027555208129763534,0.022915650901999023,4.242857142857143,2.9875,13.329865232728581,28.0,22,C,42.0389512001563
GB0009292243,2022,641600.0,231600.0,86800.0,84600.0,490600.0,29400.0,900.0,76200.0,30300.0,0.11876558603491272,0.1553200163065634,0.06176110884631064,0.04722568578553616,2.7375886524822697,1.7115839243498818,13.371720335534441,29.0,22,C,43.2932633193121
GB0009292243,2023,626600.0,218500.0,134500.0,45700.0,501000.0,43400.0,5200.0,61700.0,48600.0,0.0984679221193744,0.12315369261477047,0.09700598802395209,0.07756144270667092,4.781181619256017,1.838074398249453,13.348063657500228,30.0,22,C,40.4941993233651
GB0030232317,2019,701571.0,476395.0,0.0,264060.0,324387.0,99473.0,0.0,103445.0,99473.0,0.1474476567589025,0.3188937904416638,0.30664915671713106,0.14178607724663647,1.804116488676816,1.804116488676816,13.461077385092333,22.0,78,N,56.5388584035829
GB0030232317,2020,629829.0,435352.0,0.0,229098.0,315901.0,70758.0,0.0,-5742.0,70758.0,-0.009116760263500093,-0.01817658063760482,0.22398789494176974,0.11234477929723782,1.9002872133322857,1.9002872133322857,13.353203632952885,23.0,78,N,56.2474295029559
GB0030232317,2021,724459.0,522994.0,0.0,289503.0,340105.0,72215.0,0.0,118356.0,72215.0,0.16337156416029064,0.34799841225503886,0.21233148586465944,0.0996812794098769,1.8065235938833104,1.8065235938833104,13.493180448389314,24.0,78,N,58.4498893829055
GB0030232317,2022,794944.0,585960.0,0.0,341198.0,352203.0,78564.0,0.0,139012.0,78564.0,0.17487017953465905,0.39469283339437766,0.22306453948433147,0.09882960309153853,1.717360594141818,1.717360594141818,13.586026950903866,25.0,78,N,63.5001949118039
GB0030232317,2023,704574.0,493765.0,0.0,301858.0,306488.0,79187.0,0.0,77068.0,79187.0,0.10938240695796325,0.2514551956357182,0.2583690062906215,0.11238989800929355,1.6357525724015929,1.6357525724015929,13.465348643839436,26.0,78,N,69.6482150891777
GB0033986497,2020,3953000.0,1901000.0,308000.0,1404000.0,1151000.0,1161000.0,7000.0,285000.0,1168000.0,0.07209714141158614,0.2476107732406603,1.0147697654213728,0.2954717935745004,1.353988603988604,1.1346153846153846,15.189985342278822,17.0,60,J,66.4618196144806
GB0033986497,2022,4475000.0,2193000.0,870000.0,1753000.0,1876000.0,652000.0,60000.0,428000.0,712000.0,0.09564245810055866,0.2281449893390192,0.3795309168443497,0.15910614525139666,1.250998288648032,0.7547062179121506,15.314016909691093,19.0,60,J,70.1868732071706
GB0033986497,2023,4191000.0,2049000.0,647000.0,1323000.0,1828000.0,855000.0,5000.0,210000.0,860000.0,0.05010737294201861,0.11487964989059081,0.47045951859956237,0.20520162252445717,1.5487528344671202,1.0597127739984882,15.248449926907208,20.0,60,J,71.305969909175
GB00B0WMWD03,2019,1437900.0,415000.0,52300.0,394600.0,887100.0,19300.0,0.0,106300.0,19300.0,0.07392725502468878,0.11982865516852666,0.021756284522601737,0.013422352041171152,1.0516979219462748,0.919158641662443,14.178694273815832,17.0,80,N,53.9892683612452
GB00B0WMWD03,2020,1480500.0,572800.0,54400.0,425400.0,884900.0,19800.0,0.0,121700.0,19800.0,0.08220195879770348,0.13752966436885525,0.022375409650808,0.013373860182370821,1.3464974141984014,1.218617771509168,14.207890426523782,18.0,80,N,62.1391887692729
GB00B0WMWD03,2021,1768700.0,678200.0,54900.0,508600.0,1041400.0,16600.0,0.0,90000.0,16600.0,0.05088483066659128,0.08642212406376032,0.015940080660649125,0.009385424322949058,1.3334644121116792,1.2255210381439245,14.385755371422885,19.0,80,N,64.9016231516271
GB00B0WMWD03,2022,2072100.0,682300.0,68800.0,607700.0,968300.0,361300.0,0.0,154400.0,361300.0,0.07451377829255344,0.15945471444800166,0.37312816275947536,0.17436417161333911,1.1227579397729142,1.0095441829850256,14.544073143745173,20.0,80,N,58.7254292327574
GB00B0WMWD03,2023,2106200.0,789000.0,89200.0,685800.0,926100.0,383700.0,0.0,139600.0,383700.0,0.06628050517519704,0.15073966094374258,0.41431810819565923,0.18217643148798784,1.1504811898512686,1.0204141149023038,14.560395933928634,21.0,80,N,61.0765190999955
GB00B135BJ46,2019,1649500.0,790100.0,0.0,723600.0,503200.0,369800.0,33400.0,82900.0,403200.0,0.0502576538344953,0.1647456279809221,0.8012718600953895,0.2444377083964838,1.091901603095633,1.091901603095633,14.315982769650773,32.0,70,M,53.6585977112527
GB00B135BJ46,2020,1956400.0,1054300.0,0.0,920200.0,581600.0,407400.0,221300.0,67600.0,628700.0,0.03455326109180127,0.11623108665749655,1.0809834938101788,0.321355551012063,1.1457291893066726,1.1457291893066726,14.486616607647338,33.0,70,M,52.831833506947
GB00B135BJ46,2021,2247400.0,1302300.0,0.0,1044500.0,753400.0,385400.0,200600.0,146200.0,586000.0,0.06505295007564296,0.19405362357313513,0.7778072736925936,0.26074575064519,1.2468166586883676,1.2468166586883676,14.62528455045594,34.0,70,M,54.1036069001606
GB00B135BJ46,2022,2322500.0,1322300.0,0.0,1067700.0,805300.0,373500.0,212600.0,119400.0,586100.0,0.05141011840688913,0.14826772631317522,0.7278033031168508,0.2523573735199139,1.238456495270207,1.238456495270207,14.65815474967013,35.0,70,M,56.7350211943789
GB00B135BJ46,2023,2161600.0,1181900.0,0.0,992600.0,752800.0,350600.0,200200.0,40800.0,550800.0,0.018874907475943746,0.05419766206163656,0.7316684378320936,0.25481125092524054,1.190711263348781,1.190711263348781,14.58635924618807,36.0,70,M,51.1020201308003
GB00B1CKQ739,2019,417100.0,207400.0,157700.0,149800.0,185800.0,44300.0,0.0,101300.0,44300.0,0.24286741788539917,0.5452099031216362,0.23842841765339073,0.10620954207624071,1.384512683578104,0.3317757009345794,12.941081280185037,16.0,47,G,52.2961384054016
GB00B1CKQ739,2020,716000.0,228800.0,118200.0,227800.0,173400.0,311000.0,0.0,87700.0,311000.0,0.12248603351955308,0.505767012687428,1.7935409457900808,0.43435754189944137,1.0043898156277435,0.485513608428446,13.481435445942783,17.0,47,G,54.6476431886922
GB00B1CKQ739,2021,766700.0,315600.0,172400.0,235900.0,281200.0,244300.0,0.0,128900.0,244300.0,0.1681231250815182,0.45839260312944524,0.8687766714082503,0.3186383200730403,1.337855023314964,0.6070368800339127,13.549850869546987,18.0,47,G,68.8226796518977
GB00B1CKQ739,2022,737900.0,297100.0,223000.0,276000.0,178300.0,52800.0,0.0,171200.0,52800.0,0.23200975741970456,0.9601794727986539,0.2961301177790241,0.07155441116682477,1.076449275362319,0.2684782608695652,13.511563593046459,19.0,47,G,64.1741589367111
GB00B1CKQ739,2023,696800.0,283400.0,211000.0,269600.0,137500.0,75900.0,0.0,151900.0,75900.0,0.21799655568312284,1.1047272727272728,0.552,0.10892652123995407,1.051186943620178,0.2685459940652819,13.454253704520431,20.0,47,G,62.6462285584015
GB00B1FP6H53,2019,4892000.0,225000.0,26000.0,520000.0,1947000.0,1657000.0,95000.0,143000.0,1752000.0,0.029231398201144725,0.07344632768361582,0.8998459167950693,0.3581357318070319,0.4326923076923077,0.38269230769230766,15.4031117757892,17.0,56,I,56.8515598742641
GB00B1FP6H53,2020,5109000.0,239000.0,22000.0,701000.0,1677000.0,2025000.0,238000.0,-112000.0,2263000.0,-0.02192209825797612,-0.06678592725104353,1.3494335122242098,0.4429438246232139,0.340941512125535,0.3095577746077033,15.446514248312935,18.0,56,I,63.7232496552507
GB00B1FP6H53,2021,5209000.0,323000.0,19000.0,607000.0,2104000.0,1879000.0,134000.0,-65000.0,2013000.0,-0.01247840276444615,-0.030893536121673004,0.9567490494296578,0.38644653484354,0.5321252059308073,0.500823723228995,15.465898456727329,19.0,56,I,59.7362084997747
GB00B1FP6H53,2022,4951000.0,326000.0,23000.0,633000.0,2143000.0,1762000.0,130000.0,13000.0,1892000.0,0.0026257321753181176,0.006066262249183388,0.8828744750349977,0.3821450212078368,0.5150078988941548,0.4786729857819905,15.415100134343561,20.0,56,I,66.5434984676687
GB00B1FP6H53,2023,4802000.0,277000.0,25000.0,671000.0,2130000.0,1616000.0,144000.0,-4000.0,1760000.0,-0.0008329862557267805,-0.0018779342723004694,0.8262910798122066,0.3665139525197834,0.4128166915052161,0.37555886736214605,15.384543055763336,21.0,56,I,64.4604516965389
GB00B1FW5029,2019,1031321.11300258,230751.81926449,47707.960162484,139599.893142543,615509.659003015,151894.219234255,178.333269616953,22066.0747371336,152072.55250387196,0.02139593038378765,0.03585008685789854,0.24706769468117648,0.14745412518621787,1.6529512599903882,1.3112034327641149,13.846351172316638,13.0,24,C,39.0937734943627
GB00B1FW5029,2020,1017928.57139197,262667.495386861,31566.2991193708,129183.972589342,600659.08657849,148698.863473559,8031.29153270805,11298.0555037038,156730.15500626704,0.011099065122274968,0.018809430767226805,0.26093029891388586,0.1539696982784812,2.0332823811034566,1.7889308683990461,13.833280308004134,14.0,24,C,43.8184000091331
GB00B1FW5029,2021,1082860.74693669,386948.820557881,36611.5857589521,140235.980723127,565314.92223328,225408.684328467,371.445618366077,57268.1306680876,225780.12994683307,0.05288596048023136,0.10130305855336262,0.39938823665734363,0.20850338382432235,2.7592691872840263,2.4981979160584507,13.895116936863353,15.0,24,C,51.8104450898754
GB00B1FW5029,2023,1111703.89288411,206559.688713646,53599.0135909215,219484.195587359,524976.822822294,185605.655273067,87993.4348903916,-43191.0950847809,273599.0901634586,-0.0388512582903075,-0.08227238462182777,0.5211641319564932,0.24610788170729203,0.9411141798199826,0.69690974656917,13.921404434955353,17.0,24,C,66.3865224640732
GB00B1N7Z094,2019,1471000.0,56100.0,300.0,53000.0,885900.0,466800.0,0.0,132100.0,466800.0,0.08980285520054385,0.14911389547352974,0.5269217744666441,0.31733514615907543,1.058490566037736,1.0528301886792453,14.201452999583575,16.0,52,H,71.2104351698034
GB00B1N7Z094,2020,1701100.0,43500.0,300.0,59700.0,1035600.0,519400.0,0.0,178000.0,519400.0,0.10463817529833637,0.17188103514870606,0.5015449980687524,0.3053318441008759,0.7286432160804021,0.7236180904522613,14.346785658597675,17.0,52,H,67.0177426496656
GB00B1N7Z094,2021,2117300.0,73900.0,500.0,88600.0,1374900.0,554700.0,0.0,382000.0,554700.0,0.1804184574694186,0.27783838824641793,0.40344752345625134,0.2619846030321636,0.8340857787810384,0.8284424379232506,14.565652250044028,18.0,52,H,70.619709621958
GB00B1N7Z094,2022,2707500.0,54100.0,300.0,178400.0,1793400.0,604300.0,101700.0,462900.0,706000.0,0.17096952908587257,0.258113081298093,0.39366566298650607,0.26075715604801475,0.3032511210762332,0.3015695067264574,14.811536257857282,19.0,52,H,71.581245137981
GB00B1N7Z094,2023,2956900.0,50100.0,400.0,110400.0,1935100.0,769600.0,44500.0,200200.0,814100.0,0.06770604349149446,0.10345718567515891,0.4207017725182161,0.275322127904224,0.453804347826087,0.45018115942028986,14.899651980203927,20.0,52,H,71.2604120151995
GB00B1QH8P22,2019,3148800.0,2031100.0,978400.0,598500.0,1252400.0,826500.0,0.0,112000.0,826500.0,0.03556910569105691,0.08942829766847653,0.6599329287767487,0.2624809451219512,3.3936507936507936,1.7588972431077694,14.962531985840071,13.0,47,G,33.349109196233
GB00B1QH8P22,2020,3868200.0,2224600.0,1198300.0,848200.0,1280300.0,1376200.0,0.0,93800.0,1376200.0,0.024249004705030764,0.07326407873154729,1.074904319300164,0.35577271082157075,2.622730488092431,1.2099740627210565,15.168299840526766,14.0,47,G,35.1086931893266
GB00B1QH8P22,2021,3785100.0,2155500.0,1096600.0,943900.0,1211000.0,1240100.0,0.0,-83000.0,1240100.0,-0.021928086444215476,-0.0685383980181668,1.0240297274979355,0.32762674698158567,2.2836105519652508,1.1218349401419643,15.146582864583943,15.0,47,G,49.6698139854796
GB00B1V9NW54,2019,1055292.0,440399.0,116941.0,382429.0,221938.0,445223.0,39759.0,39736.0,484982.0,0.03765403319649917,0.17904099343059773,2.1852138885634727,0.45957137929596736,1.151583692659291,0.8457988280177497,13.869328063847732,12.0,46,G,25.54538550001
GB00B1V9NW54,2020,1167424.0,533427.0,156517.0,626366.0,307949.0,228977.0,224732.0,37143.0,453709.0,0.031816203881366155,0.12061412766399632,1.4733251285115392,0.38864114494819363,0.8516218951858817,0.6017408352305201,13.970310170046586,13.0,46,G,30.2328606776439
GB00B1V9NW54,2021,1295786.0,571108.0,206729.0,473886.0,305317.0,500662.0,28279.0,17706.0,528941.0,0.013664293332386675,0.057992185171477514,1.732432193425194,0.4082008911965402,1.2051590466905542,0.7689169969148698,14.074628018803187,14.0,46,G,40.7938994773863
GB00B1V9NW54,2022,1289250.0,587835.0,179741.0,503652.0,321478.0,449377.0,28641.0,36380.0,478018.0,0.028217956176071358,0.1131648199876819,1.4869384530201133,0.3707721543533062,1.1671451716661505,0.8102697894578003,14.069571211913205,15.0,46,G,46.954970939857
GB00B1V9NW54,2023,1289250.0,587835.0,179741.0,503652.0,321478.0,449377.0,28641.0,36380.0,478018.0,0.028217956176071358,0.1131648199876819,1.4869384530201133,0.3707721543533062,1.1671451716661505,0.8102697894578003,14.069571211913205,16.0,46,G,55.6641706018675
GB00B1VNSX38,2019,4682800.0,1661300.0,292000.0,1299800.0,1715600.0,1271400.0,0.0,500.0,1271400.0,0.00010677372512172204,0.0002914432268594078,0.7410818372581022,0.2715042282395148,1.2781197107247269,1.053469764579166,15.359406779587655,14.0,35,D,57.4375085013531
GB00B1VNSX38,2020,4192900.0,1612700.0,209100.0,1308000.0,1339400.0,1088900.0,0.0,-157900.0,1088900.0,-0.03765889956831787,-0.11788860683888308,0.8129759593847992,0.2597009229888621,1.2329510703363915,1.0730886850152905,15.248903176595904,15.0,35,D,68.4722864031983
GB00B1VNSX38,2021,5824400.0,2348400.0,199100.0,2232900.0,1306800.0,1431200.0,40600.0,79700.0,1471800.0,0.013683812924936475,0.060988674625038264,1.1262626262626263,0.25269555662385823,1.051726454386672,0.9625598996820278,15.577566547818886,16.0,35,D,66.2447491946933
GB00B1VNSX38,2022,5934300.0,2397800.0,348100.0,2208200.0,1324200.0,1527000.0,44300.0,85100.0,1571300.0,0.014340360278381613,0.06426521673463223,1.18660323214016,0.26478270394149267,1.0858617878815324,0.9282220813332126,15.596259634672277,17.0,35,D,65.2295761915334
GB00B1VNSX38,2023,6038400.0,2345400.0,328400.0,2087700.0,1983000.0,1271800.0,264200.0,562200.0,1536000.0,0.09310413354531001,0.28350983358547655,0.7745839636913767,0.2543720190779014,1.1234372754706137,0.966134981079657,15.613649634156369,18.0,35,D,63.2312515421322
GB00B1ZBKY84,2019,306300.0,77900.0,0.0,58900.0,199300.0,32500.0,0.0,94900.0,32500.0,0.3098269670257917,0.47616658304064224,0.1630707476166583,0.10610512569376428,1.3225806451612903,1.3225806451612903,12.632320292820866,12.0,62,J,48.3807865856748
GB00B1ZBKY84,2020,305200.0,81000.0,0.0,54600.0,208500.0,30700.0,0.0,69300.0,30700.0,0.22706422018348624,0.33237410071942447,0.147242206235012,0.10058977719528178,1.4835164835164836,1.4835164835164836,12.62872257839244,13.0,62,J,58.4551029763263
GB00B1ZBKY84,2021,419000.0,83300.0,0.0,107800.0,207600.0,68500.0,17500.0,52700.0,86000.0,0.12577565632458235,0.25385356454720615,0.4142581888246628,0.2052505966587112,0.7727272727272727,0.7727272727272727,12.945626198904275,14.0,62,J,55.4328588696841
GB00B1ZBKY84,2022,409200.0,88400.0,0.0,114300.0,214700.0,55900.0,14000.0,68300.0,69900.0,0.166911045943304,0.31811830461108526,0.3255705635770843,0.17082111436950145,0.773403324584427,0.773403324584427,12.921959313059608,15.0,62,J,54.6626529656293
GB00B1ZBKY84,2023,405100.0,107300.0,0.0,137800.0,226100.0,23500.0,34500.0,72700.0,58000.0,0.17946186126882252,0.3215391419725785,0.2565236620964175,0.14317452480868922,0.7786647314949202,0.7786647314949202,12.911889229190782,16.0,62,J,52.7853400746611
GB00B2PDGW16,2019,746000.0,298000.0,174000.0,279000.0,237000.0,209000.0,15000.0,106000.0,224000.0,0.14209115281501342,0.4472573839662447,0.9451476793248945,0.3002680965147453,1.0681003584229392,0.4444444444444444,13.522480879185897,15.0,47,G,59.496927822941
GB00B2PDGW16,2020,1447000.0,315000.0,150000.0,377000.0,227000.0,829000.0,0.0,-321000.0,829000.0,-0.15595407598866856,-1.4140969162995596,3.6519823788546257,0.5729094678645473,0.8355437665782494,0.4376657824933687,14.185003005613622,16.0,47,G,74.7215993352855
GB00B2PDGW16,2021,1350000.0,310000.0,135000.0,376000.0,183000.0,777000.0,0.0,-80000.0,777000.0,-0.05925925925925926,-0.4371584699453552,4.245901639344262,0.5755555555555556,0.824468085106383,0.4654255319148936,14.115615150414612,17.0,47,G,80.8215048265638
GB00B2PDGW16,2022,1692000.0,418000.0,198000.0,517000.0,311000.0,850000.0,20000.0,53000.0,870000.0,0.031323877068557916,0.17041800643086816,2.797427652733119,0.5141843971631206,0.8085106382978723,0.425531914893617,14.341421819148305,18.0,47,G,81.9301425158878
GB00B2PDGW16,2023,1650000.0,377000.0,205000.0,543000.0,340000.0,751000.0,84000.0,79000.0,835000.0,0.04787878787878788,0.2323529411764706,2.4558823529411766,0.5060606060606061,0.6942909760589319,0.31675874769797424,14.316285845876763,19.0,47,G,77.1594242190293
GB00B3FLWH99,2019,1027100.0,195400.0,14800.0,177100.0,705800.0,66000.0,1100.0,93800.0,67100.0,0.09132509005939052,0.13289883819778975,0.09506942476622272,0.06532956868854055,1.103331451157538,1.0197628458498025,13.842249855153895,66.0,25,C,47.3140994664742
GB00B3FLWH99,2020,1110000.0,186300.0,15800.0,294400.0,681400.0,62000.0,53200.0,400.0,115200.0,0.00036036036036036037,0.000587026709715292,0.16906369239800412,0.10378378378378378,0.6328125,0.5791440217391305,13.919870573288517,67.0,25,C,52.1857692371152
GB00B3FLWH99,2021,1069800.0,197100.0,19300.0,263000.0,685400.0,51600.0,91700.0,59500.0,143300.0,0.05561787249953262,0.08681062153487015,0.20907499270498978,0.1339502710787063,0.7494296577946769,0.6760456273764258,13.882982273079287,68.0,25,C,55.9615932963582
GB00B3FLWH99,2022,1167700.0,244100.0,27800.0,261100.0,782000.0,53700.0,70600.0,73700.0,124300.0,0.06311552624818019,0.0942455242966752,0.15895140664961638,0.10644857412006509,0.9348908464189966,0.8284182305630027,13.970546560063806,69.0,25,C,56.2247485593467
GB00B3FLWH99,2023,1136700.0,236700.0,29500.0,225100.0,792300.0,52500.0,32600.0,85600.0,85100.0,0.07530570950998504,0.1080398838823678,0.10740880979426985,0.0748658397114454,1.051532652154598,0.9204797867614394,13.943639885674802,70.0,25,C,56.5884059321119
GB00B41H7391,2021,1715189.0,335063.0,21545.0,274762.0,908129.0,496978.0,12159.0,65566.0,509137.0,0.038226691052706145,0.07219899375529247,0.5606439173289257,0.29684017329868606,1.2194663017447827,1.141052984037094,14.355033836591787,,77,N,44.5172001655503
GB00B41H7391,2022,1846913.0,409742.0,18696.0,323691.0,946761.0,533577.0,21007.0,101545.0,554584.0,0.054980933048822546,0.10725515732059095,0.5857697982912267,0.3002761905947925,1.2658430416662805,1.2080842531920875,14.42902615466104,,77,N,38.1390725783047
GB00B41H7391,2023,2106779.0,524887.0,54537.0,409281.0,994595.0,644984.0,14079.0,139238.0,659063.0,0.06609046321422418,0.13999467119782424,0.6626445940307362,0.3128296798097949,1.2824611941428994,1.1492104446578268,14.560670798818132,,77,N,36.7575453002581
GB00B45C9X44,2020,541400.0,169200.0,91300.0,111800.0,329600.0,61300.0,0.0,34700.0,61300.0,0.06409309198374584,0.10527912621359223,0.18598300970873785,0.11322497229405246,1.513416815742397,0.6967799642218246,13.201913656162338,115.0,26,C,50.5338571796996
GB00B45C9X44,2021,531500.0,148100.0,80700.0,102500.0,352800.0,30500.0,400.0,41500.0,30900.0,0.07808090310442145,0.11763038548752834,0.08758503401360544,0.058137347130762,1.4448780487804878,0.6575609756097561,13.18345847676414,116.0,26,C,48.4597256031091
GB00B45C9X44,2022,620100.0,181200.0,99600.0,113700.0,418100.0,25100.0,0.0,47400.0,25100.0,0.0764392839864538,0.11337000717531691,0.06003348481224587,0.04047734236413482,1.5936675461741425,0.7176781002638523,13.337636034337969,117.0,26,C,50.2136372701362
GB00B45C9X44,2023,596400.0,183700.0,101700.0,142100.0,378500.0,19600.0,0.0,5400.0,19600.0,0.009054325955734407,0.014266842800528402,0.05178335535006605,0.03286384976525822,1.2927515833919774,0.5770584095707249,13.29866686187272,118.0,26,C,51.2887355060041
GB00B4Y7R145,2019,7145000.0,2878000.0,1156000.0,3081000.0,2640000.0,368000.0,559000.0,-320000.0,927000.0,-0.04478656403079076,-0.12121212121212122,0.35113636363636364,0.129741077676697,0.9341123012009088,0.5589094449853943,15.781923369346105,10.0,61,J,61.4012945117657
GB00B4Y7R145,2020,7731000.0,2538000.0,970000.0,3104000.0,2280000.0,1466000.0,584000.0,-163000.0,2050000.0,-0.021083947742853448,-0.07149122807017544,0.8991228070175439,0.26516621394386236,0.8176546391752577,0.5051546391752577,15.860748778302613,11.0,61,J,68.0717754349268
GB00B4Y7R145,2021,6880000.0,1965000.0,1178000.0,2621000.0,2381000.0,1110000.0,6000.0,12000.0,1116000.0,0.0017441860465116279,0.00503989920201596,0.46871062578748424,0.1622093023255814,0.7497138496756963,0.3002670736360168,15.744129209909527,12.0,61,J,57.2523325011375
GB00B4Y7R145,2022,6913000.0,2137000.0,1286000.0,2703000.0,2501000.0,1137000.0,2000.0,71000.0,1139000.0,0.010270504845942427,0.028388644542183126,0.4554178328668533,0.16476204252856935,0.7906030336662967,0.31483536810950796,15.748914254927403,13.0,61,J,66.6719940620065
GB00B4Y7R145,2023,5849000.0,1904000.0,1151000.0,2387000.0,1892000.0,1198000.0,16000.0,-481000.0,1214000.0,-0.08223627970593264,-0.25422832980972515,0.6416490486257929,0.20755684732432894,0.7976539589442815,0.3154587348135735,15.581781264425162,14.0,61,J,79.4080564037846
GB00B4YZN328,2019,1002705.48220096,470525.472912422,131463.628243267,309873.108659201,267880.958420338,254848.911794483,33380.3299539425,72933.7346253949,288229.24174842547,0.07273694611233579,0.2722617354196298,1.0759601706970099,0.2874515467051762,1.5184456468273493,1.0941957697983267,13.818212386935945,110.0,28,C,82.4066456074187
GB00B4YZN328,2020,903278.121724689,401117.483026233,139344.174857711,267809.071892306,237630.25327339,208122.075068228,16989.5571484268,19672.1188034415,225111.6322166548,0.021778584392014515,0.08278457196613356,0.9473189087488254,0.24921630094043923,1.4977740678909275,0.9774624373956564,13.713785782457911,111.0,28,C,83.8456118088503
GB00B4YZN328,2021,1124981.48905141,495161.573821872,186169.437181074,339735.030505566,434792.356087425,235447.392964309,14292.0959371316,66175.3817089062,249739.4889014406,0.05882352941176447,0.1521999657592879,0.5743879472693046,0.22199430953483704,1.4574934268185795,0.9095092024539863,13.933277139308762,112.0,28,C,81.1048538550384
GB00B4YZN328,2022,1565131.40935592,556927.583771766,175174.068158535,319108.484616139,539111.867284498,527428.071820755,13838.2542017386,-12180.9782494346,541266.3260224937,-0.007782719186785277,-0.022594528127882044,1.0039963110974495,0.3458280389665393,1.7452609711763187,1.1963126460659572,14.263480346070871,113.0,28,C,73.2098009011073
GB00B4YZN328,2023,1346080.32403447,471516.790866649,136233.410849898,407129.818591769,462800.993400172,346668.8812117,113305.367064209,44364.19431135,459974.248275909,0.0329580586828442,0.09586019681031548,0.993892093654564,0.34171381905150716,1.158148505303762,0.823529411764706,14.112707463509137,114.0,28,C,78.7145153669699
GB00B61TVQ02,2019,4462800.0,2689600.0,1650500.0,2342200.0,1298600.0,566000.0,50100.0,322900.0,616100.0,0.07235367930447253,0.24865239488680116,0.4744340058524565,0.1380523438200233,1.1483220903424132,0.44364272905815044,15.311286929701161,61.0,45,G,39.7343450503959
GB00B61TVQ02,2020,3611900.0,2101100.0,1216200.0,1816800.0,1061200.0,484300.0,6100.0,-142000.0,490400.0,-0.039314488219496665,-0.13381078024877496,0.4621183565774595,0.135773415653811,1.1564839277851167,0.48706516952884193,15.099744507642962,62.0,45,G,39.7326685102955
GB00B61TVQ02,2021,3558100.0,2093800.0,1134700.0,1742200.0,1130500.0,477600.0,7600.0,117000.0,485200.0,0.03288271830471319,0.10349402919062362,0.4291906236178682,0.13636491385852,1.201813798645391,0.5505108483526575,15.084737252490307,63.0,45,G,38.3752813642818
GB00B61TVQ02,2022,6963700.0,4353700.0,2375800.0,3710600.0,1567000.0,1311600.0,546300.0,-11200.0,1857900.0,-0.0016083403937561928,-0.007147415443522655,1.1856413529036376,0.2667978229963956,1.1733142887942651,0.5330404786287932,15.756221500251895,64.0,45,G,39.9257958264504
GB00B61TVQ02,2023,7139000.0,4350000.0,2718000.0,4121000.0,1620000.0,997000.0,652000.0,283000.0,1649000.0,0.0396414063594341,0.17469135802469135,1.0179012345679013,0.23098473175514778,1.0555690366415917,0.3960203834020869,15.781083268484597,65.0,45,G,38.0605331876997
GB00B62G9D36,2019,3099400.0,292500.0,0.0,63000.0,2477500.0,555300.0,0.0,-253600.0,555300.0,-0.08182228818480997,-0.10236125126135218,0.2241372351160444,0.17916370910498805,4.642857142857143,4.642857142857143,14.946719102335372,9.0,68,L,64.8543804986983
GB00B62G9D36,2020,2908100.0,430800.0,0.0,46900.0,1759700.0,1079000.0,0.0,-702700.0,1079000.0,-0.15595407598866856,-0.39932943115303743,0.613172699892027,0.37103263299061245,5.556134870992963,4.715305383022778,14.883010504939758,10.0,68,L,66.1255897428081
GB00B62G9D36,2021,2798900.0,380000.0,0.0,39700.0,1786800.0,940300.0,0.0,34800.0,940300.0,0.012433456000571653,0.019476158495634655,0.5262480411909559,0.3359534102683197,5.556134870992963,4.715305383022778,14.84473704081399,11.0,68,L,69.5750713412373
GB00B62G9D36,2022,2351200.0,150700.0,0.0,42600.0,1561600.0,743700.0,0.0,-211800.0,743700.0,-0.09008166042871725,-0.13563012295081966,0.4762423155737705,0.316306566859476,3.5375586854460095,3.5375586854460095,14.670436394086845,12.0,68,L,71.6905881616979
GB00B62G9D36,2023,5216300.0,251200.0,0.0,191400.0,3480200.0,1537500.0,0.0,750400.0,1537500.0,0.1438567567049441,0.21561979196597897,0.4417849548876501,0.2947491516975634,1.3124346917450365,1.3124346917450365,15.467298896272105,13.0,68,L,73.3365312841676
GB00B63QSB39,2019,785500.0,142300.0,23900.0,208700.0,341100.0,226900.0,0.0,87000.0,226900.0,0.11075747931253978,0.25505716798592787,0.6652008208736441,0.28886059834500316,0.6818399616674653,0.5673215141351222,13.574075736677813,68.0,56,I,77.1888765714821
GB00B63QSB39,2020,729700.0,98700.0,22500.0,144100.0,321600.0,243100.0,0.0,-13000.0,243100.0,-0.017815540633136905,-0.04042288557213931,0.755907960199005,0.33315060983966016,0.684941013185288,0.5287994448299792,13.50038876975371,69.0,56,I,75.5188568226651
GB00B63QSB39,2021,888400.0,266100.0,27900.0,206900.0,429200.0,233900.0,0.0,117500.0,233900.0,0.13226024313372356,0.2737651444547996,0.5449673811742777,0.26328230526789737,1.2861285645239247,1.1512808119864668,13.69717737100241,70.0,56,I,75.7412596157599
GB00B63QSB39,2022,974400.0,283000.0,40600.0,244100.0,446000.0,252500.0,0.0,120300.0,252500.0,0.12346059113300492,0.2697309417040359,0.5661434977578476,0.2591338259441708,1.1593609176566981,0.9930356411306841,13.789577175937769,71.0,56,I,75.4223091132684
GB00B63QSB39,2023,1129700.0,297900.0,48800.0,272500.0,530900.0,267100.0,0.0,142500.0,267100.0,0.12613968310170842,0.2684121303446977,0.5031079299303071,0.23643445162432505,1.093211009174312,0.9141284403669725,13.93746266871502,72.0,56,I,75.2512599069835
GB00B67G5X01,2019,2735500.0,115400.0,0.0,92100.0,1998000.0,645400.0,0.0,72100.0,645400.0,0.026357155912995797,0.036086086086086086,0.32302302302302305,0.23593492962895266,1.252985884907709,1.252985884907709,14.821824792486018,33.0,68,L,65.0585218009414
GB00B67G5X01,2020,2593600.0,220300.0,0.0,251600.0,1719500.0,622500.0,156600.0,-235700.0,779100.0,-0.0908775447254781,-0.13707473102646117,0.453096830473975,0.30039327575570635,0.8755961844197139,0.8755961844197139,14.768557429963549,34.0,68,L,73.7195298870173
GB00B67G5X01,2021,2511900.0,138400.0,0.0,85800.0,1799600.0,626500.0,0.0,123900.0,626500.0,0.049325211990923205,0.06884863302956212,0.34813291842631694,0.24941279509534614,1.613053613053613,1.613053613053613,14.736549996860633,35.0,68,L,77.2154305050425
GB00B67G5X01,2022,2839100.0,187300.0,0.0,157600.0,1787700.0,893800.0,49800.0,-37800.0,943600.0,-0.013314078405128386,-0.021144487330088942,0.5278290540918499,0.3323588461132049,1.1884517766497462,1.1884517766497462,14.858997658505075,36.0,68,L,73.4490534312501
GB00B67G5X01,2023,2531400.0,114000.0,0.0,93000.0,1548900.0,889500.0,0.0,-192500.0,889500.0,-0.07604487635300625,-0.12428174833752986,0.5742785202401705,0.35138658449869636,1.2258064516129032,1.2258064516129032,14.744283067340485,37.0,68,L,73.5826913547554
GB00B6XZKY75,2019,297900.0,86400.0,18300.0,59900.0,208300.0,4700.0,0.0,29800.0,4700.0,0.10003356831151393,0.14306289006241,0.02256361017762842,0.0157771064115475,1.4424040066777963,1.1368948247078463,12.604513138701373,115.0,11,C,33.3461045374386
GB00B6XZKY75,2022,377500.0,148800.0,34700.0,76100.0,268800.0,3600.0,700.0,33900.0,4300.0,0.08980132450331126,0.12611607142857142,0.015997023809523808,0.011390728476821193,1.9553219448094612,1.4993429697766096,12.841325847671216,118.0,11,C,42.1649978222943
GB00B6XZKY75,2023,401700.0,153900.0,36500.0,73600.0,292700.0,3100.0,0.0,38500.0,3100.0,0.09584266865820264,0.13153399385035872,0.01059104885548343,0.007717201891959173,2.0910326086956523,1.5951086956521738,12.903460820347373,119.0,11,C,39.1969719225854
GB00B7KR2P84,2020,8473000.0,2563000.0,0.0,3826000.0,1899000.0,2230000.0,987000.0,-1079000.0,3217000.0,-0.12734568629765136,-0.5681937862032649,1.6940494997367035,0.37967661985129236,0.6698902247778359,0.6698902247778359,15.952395195180602,20.0,51,H,49.0967472452991
GB00B7KR2P84,2021,9773000.0,4165000.0,0.0,2677000.0,2639000.0,3957000.0,300000.0,-858000.0,4257000.0,-0.08779289880282411,-0.3251231527093596,1.6131110269041304,0.43558784406016576,1.5558460963765408,1.5558460963765408,16.09513403932097,21.0,51,H,43.6626752093147
GB00B7KR2P84,2022,10454000.0,4929000.0,0.0,3678000.0,2533000.0,3626000.0,0.0,-169000.0,3626000.0,-0.016166060837956762,-0.06671930517173312,1.4315041452822739,0.3468528792806581,1.3401305057096249,1.3401305057096249,16.09596610138819,22.0,51,H,53.6649874294251
GB00B7KR2P84,2023,9841000.0,4130000.0,0.0,4144000.0,2787000.0,2234000.0,0.0,324000.0,2234000.0,0.03292348338583477,0.116254036598493,0.8015787585217079,0.22700945025912,0.9966216216216216,0.9966216216216216,16.09596610138819,23.0,51,H,62.9509749114704
GB00B7N0K053,2021,2274900.0,156500.0,68800.0,263700.0,1183600.0,331500.0,3100.0,106000.0,334600.0,0.046595454745263526,0.08955728286583305,0.28269685704629943,0.14708338828080356,0.5934774364808495,0.33257489571482746,14.637446653357136,17.0,10,C,66.6157831499131
GB00B7N0K053,2022,2533500.0,231300.0,78100.0,258700.0,1506900.0,337200.0,0.0,77500.0,337200.0,0.030590092757055456,0.0514300882606676,0.22377065498705953,0.1330965068087626,0.8940858136838037,0.5921917278701199,14.745112303898102,18.0,10,C,65.5596149477161
GB00B7N0K053,2023,2332000.0,316900.0,98900.0,278300.0,1326900.0,335200.0,0.0,112500.0,335200.0,0.04824185248713551,0.08478408320144698,0.25261888612555583,0.14373927958833618,1.1386992454186131,0.7833273445921667,14.66223682645252,19.0,10,C,71.9119223823275
GB00B82YXW83,2019,2104500.0,824700.0,212900.0,486000.0,1114400.0,303200.0,159700.0,80300.0,462900.0,0.038156331670230456,0.07205671213208902,0.4153804737975592,0.21995723449750534,1.6969135802469135,1.2588477366255144,14.559588467192762,7.0,24,C,53.1743286932449
GB00B82YXW83,2020,2049900.0,771700.0,187300.0,368700.0,1130800.0,333100.0,45000.0,41300.0,378100.0,0.020147324259719986,0.036522815705695086,0.3343650512911213,0.18444802185472461,2.0930295633306213,1.5850284784377542,14.53330156943698,8.0,24,C,59.1512307294648
GB00B82YXW83,2021,2129500.0,921400.0,299400.0,523000.0,1098200.0,329900.0,113800.0,102100.0,443700.0,0.04794552711904203,0.09297031506100892,0.4040247678018576,0.20835876966424044,1.7617590822179732,1.1892925430210326,14.571397768345404,9.0,24,C,65.8297715062913
GB00B82YXW83,2022,2334300.0,992500.0,316000.0,530200.0,1319600.0,327200.0,114700.0,181100.0,441900.0,0.0775821445401191,0.13723855713852684,0.3348742043043346,0.18930728698110783,1.8719351188230857,1.2759336099585061,14.663222618273132,10.0,24,C,67.0021089301131
GB00B82YXW83,2023,2282200.0,927200.0,291000.0,422900.0,1320200.0,378000.0,24200.0,118500.0,402200.0,0.05192358250810621,0.08975912740493865,0.3046508104832601,0.17623345894312506,2.192480491842043,1.5043745566327738,14.640650447982717,11.0,24,C,65.7457368750475
GB00BF5H9P87,2019,2753300.0,111500.0,0.0,60000.0,2203100.0,489800.0,0.0,51800.0,489800.0,0.018813787091853412,0.023512323544096953,0.22232309019109436,0.17789561616968727,1.8583333333333334,1.8583333333333334,14.828310750218236,62.0,68,L,82.9290310990789
GB00BF5H9P87,2020,2559900.0,31000.0,0.0,55100.0,1971600.0,492500.0,0.0,-201900.0,492500.0,-0.07887026836985819,-0.10240413877054169,0.24979711909109353,0.19239032774717763,0.5626134301270418,0.5626134301270418,14.755478753192786,63.0,68,L,80.1142490953299
GB00BF5H9P87,2021,2774500.0,37800.0,0.0,72100.0,2112900.0,589500.0,200.0,167200.0,589700.0,0.06026311047035502,0.07913294524113777,0.2790950825879123,0.21254280050459542,0.5242718446601942,0.5242718446601942,14.835981108748094,64.0,68,L,82.2288644146335
GB00BF5H9P87,2022,2505600.0,35200.0,0.0,56800.0,1918600.0,527200.0,0.0,-163900.0,527200.0,-0.06541347381864623,-0.08542687376211822,0.27478369644532474,0.21040868454661557,0.6197183098591549,0.6197183098591549,14.73403878477862,65.0,68,L,76.46000454344
GB00BF5H9P87,2023,2478000.0,66000.0,0.0,251500.0,1583000.0,640500.0,175000.0,-307800.0,815500.0,-0.12421307506053268,-0.19444093493367023,0.5151610865445357,0.3290960451977401,0.3003992707242396,0.2624254473161034,14.722962341171225,66.0,68,L,75.9914662094207
GB00BG12Y042,2019,1911495.6347089,320929.771375453,5180.04800677962,157217.54354312,960829.172376551,671037.609249002,28999.7332284799,-63493.5029555436,700037.3424774818,-0.033216661237739614,-0.06608198916202386,0.7285762782847061,0.36622492344016777,2.0413101753331473,2.008361893035638,14.463396548416755,2.0,61,J,56.6123328753874
GB00BG12Y042,2020,3081229.81021875,442843.984413973,54410.5470798672,1099368.16261416,890008.383404549,273587.011634802,829346.722512483,-68117.6919809773,1102933.734147285,-0.022107306555021716,-0.07653601162767332,1.2392397135948685,0.3579524417456493,0.40281681739895525,0.3533242552799234,14.940839364287166,3.0,61,J,69.3254652840935
GB00BG12Y042,2021,3901557.58459774,897943.356910106,64912.1688544629,357226.471668624,533812.016391856,2220707.3554715,0.0,-71494.7211655074,2220707.3554715,-0.018324661270603466,-0.1339323937455638,4.160092480648362,0.5691848210156458,2.5136529012415134,2.3319413708746435,15.176886412034731,4.0,61,J,68.7276911621211
GB00BG12Y042,2022,4749278.06974299,771442.89712407,77350.8691598617,762602.98719448,538778.754818085,2484595.56543597,0.0,14311.4064861214,2484595.56543597,0.0030133856716660665,0.02656267783044554,4.611532179428413,0.5231522620806294,1.0115917588549068,0.9101616956913388,15.37350317914262,5.0,61,J,71.7366313449504
GB00BG12Y042,2023,4541374.12197795,653792.383341939,86471.7037651634,689951.949930115,538742.286370476,2504649.29545792,0.0,145212.252654328,2504649.29545792,0.03197539968168979,0.26953936293478575,4.649067576135192,0.551517938884772,0.947591181397721,0.8222611438872507,15.32874019426139,6.0,61,J,66.8197308262166
GB00BGBN7C04,2019,1791600.0,478200.0,38700.0,716200.0,415600.0,587900.0,128200.0,126900.0,716100.0,0.07083054253181514,0.30534167468719925,1.723051010587103,0.3996985934360348,0.667690589220888,0.6136554035185703,14.398619633315283,13.0,10,C,57.7170024980347
GB00BGBN7C04,2020,2919300.0,343900.0,23500.0,879500.0,202000.0,1778300.0,158200.0,-375000.0,1936500.0,-0.128455451649368,-1.8564356435643565,9.586633663366337,0.6633439523173363,0.391017623649801,0.3642978965321205,14.88685441947819,14.0,10,C,58.6053536297341
GB00BGBN7C04,2021,3181600.0,931000.0,23700.0,1165800.0,310700.0,1649900.0,304200.0,-357300.0,1954100.0,-0.11230198642192607,-1.1499839073060831,6.289346636626972,0.6141878300226301,0.7985932406930863,0.7782638531480528,14.972894772875618,15.0,10,C,64.9349430929038
GB00BGBN7C04,2022,2822900.0,724100.0,37000.0,1047700.0,311000.0,1409200.0,68800.0,-10200.0,1478000.0,-0.0036133054660101313,-0.03279742765273312,4.752411575562701,0.5235750469375465,0.691132957907798,0.6558175050109765,14.85327528329967,16.0,10,C,63.4365514737715
GB00BGBN7C04,2023,2898200.0,510300.0,42400.0,1054600.0,322100.0,1459200.0,12600.0,8100.0,1471800.0,0.0027948381754192256,0.025147469729897547,4.569388388699162,0.5078324477261749,0.48388014413047603,0.4436753271382515,14.87960041259396,17.0,10,C,67.2819349249821
GB00BGDT3G23,2019,98146.0,60672.0,0.0,42522.0,41340.0,10499.0,0.0,173089.0,10499.0,0.8063294043487941,2.6070705394190843,0.25396710208030965,0.10697328469830661,1.4268378721602935,1.4268378721602935,11.560388370108916,12.0,73,M,59.4171162341662
GB00BGDT3G23,2020,160444.0,121637.0,0.0,23184.0,123145.0,10287.0,0.0,109775.0,10287.0,0.6841951085737079,0.8914288034430955,0.08353566933290024,0.06411582857570243,5.246592477570738,4.715305383022778,11.98570025101175,13.0,73,M,68.3555120313281
GB00BGDT3G23,2021,107577.0,72277.0,0.0,27628.0,70532.0,8832.0,0.0,183094.0,8832.0,0.8063294043487941,2.595899733454319,0.12521975840753133,0.08209933350065535,2.61607789199363,2.61607789199363,11.5859621492142,14.0,73,M,66.6397711365553
GB00BGDT3G23,2022,101760.0,67797.0,0.0,25526.0,68163.0,7242.0,0.0,195681.0,7242.0,0.8063294043487941,2.6070705394190843,0.10624532370934378,0.07116745283018867,2.655997806158427,2.655997806158427,11.560388370108916,15.0,73,M,67.1740861126992
GB00BGDT3G23,2023,104873.0,71263.0,0.0,29564.0,69356.0,5112.0,0.0,199151.0,5112.0,0.8063294043487941,2.6070705394190843,0.07370667281850164,0.04874467212723961,2.410465430929509,2.410465430929509,11.560505373265855,16.0,73,M,68.6502468159748
GB00BJ62K685,2019,1768900.0,199300.0,62800.0,286900.0,931000.0,543500.0,0.0,67400.0,543500.0,0.03810277573633331,0.0723952738990333,0.583780880773362,0.3072530951438747,0.6946671314046706,0.475775531544092,14.3858684424316,5.0,47,G,63.3990115874973
GB00BJ62K685,2020,1705300.0,240800.0,83700.0,295100.0,976500.0,430000.0,0.0,90400.0,430000.0,0.053011200375300535,0.09257552483358936,0.4403481822836662,0.2521550460329561,0.8159945781091156,0.5323619112165368,14.349251606301006,6.0,47,G,65.4436115347716
GB00BJ62K685,2021,1767600.0,316300.0,84500.0,309600.0,1049700.0,401600.0,0.0,124500.0,401600.0,0.07043448744059742,0.11860531580451558,0.38258550061922453,0.22720072414573433,1.021640826873385,0.7487080103359173,14.385133252238722,7.0,47,G,62.3662431270919
GB00BJ62K685,2022,1849400.0,340600.0,108600.0,353600.0,1025100.0,457400.0,1200.0,100700.0,458600.0,0.05445009192170434,0.09823431860306311,0.4473709881962735,0.24797231534551747,0.9632352941176471,0.6561085972850679,14.430371820125675,8.0,47,G,70.4924170719983
GB00BJ62K685,2023,1683800.0,215800.0,97500.0,341200.0,988500.0,344300.0,2200.0,79200.0,346500.0,0.04703646513837748,0.08012139605462823,0.3505311077389985,0.20578453498040147,0.6324736225087925,0.34671746776084406,14.336563701885702,9.0,47,G,71.5591513890174
GB00BJDQQ870,2019,512715.0,270447.0,200271.0,170628.0,76559.0,239884.0,27103.0,-1769.0,266987.0,-0.0034502598909725677,-0.023106362413302158,3.4873365639572094,0.5207317905659089,1.585009494338561,0.41128068077923907,13.147475414219183,0.0,46,G,23.2588701025885
GB00BJDQQ870,2020,851789.0,330885.0,243495.0,266861.0,199541.0,378825.0,82649.0,507.0,461474.0,0.0005952178297677007,0.0025408312076214915,2.3126775950807104,0.5417703210536882,1.2399151618258195,0.3274738534293134,13.655094122558328,1.0,46,G,39.5252043696069
GB00BJDQQ870,2021,827155.0,314109.0,226403.0,188787.0,250317.0,380868.0,0.0,50631.0,380868.0,0.061211018491092964,0.20226752477858076,1.5215426838768442,0.4604554164576168,1.6638274881215338,0.4645764803720595,13.625747380869699,2.0,46,G,42.4708448818165
GB00BJDQQ870,2022,1030000.0,433100.0,307000.0,249800.0,361300.0,412500.0,0.0,101000.0,412500.0,0.09805825242718447,0.2795460835870468,1.141710489897592,0.40048543689320387,1.733787029623699,0.5048038430744596,13.845069360205818,3.0,46,G,49.7075131498651
GB00BJDQQ870,2023,1235000.0,512700.0,356000.0,272800.0,469300.0,483000.0,0.0,121800.0,483000.0,0.09862348178137652,0.2595354783720435,1.0291924142339655,0.3910931174089069,1.8793988269794721,0.5744134897360704,14.026581528044215,4.0,46,G,55.0000480812921
GB00BJVQC708,2020,1065945.67986072,457972.88699224,6706.40413753688,149627.327868601,97093.8287912283,735319.955880154,1937.40563973288,-27347.2257608448,737257.3615198869,-0.025655365256903224,-0.28165771297006903,7.593246354566384,0.691646277525342,3.060756972111541,3.0159362549800672,13.87937292543089,1.0,61,J,32.6463230389895
GB00BJVQC708,2021,1438588.7816719,576298.993464963,7815.98996561885,210882.853072364,125055.839449902,962260.021767189,2084.26399083169,-116272.155488539,964344.2857580207,-0.0808237607368311,-0.9297619047618981,7.711309523809496,0.6703404739728878,2.732792093187431,2.695728909283442,14.179173178297889,2.0,61,J,42.9041949781302
GB00BJVQC708,2022,1772539.49478677,338084.29427002,12098.1144518194,243122.382203,40851.8522242941,1285797.54759507,16489.895725425,-142111.41291007,1302287.443320495,-0.0801739049132812,-1.9209540067307227,18.61510970996217,0.7055815307314661,1.390593047034763,1.3408316291751854,14.387923819107328,3.0,61,J,37.6002101733755
GB00BJVQC708,2023,1725649.37766467,360488.52404143,9972.12863281673,294374.096412834,-30230.468690035,1266224.77427404,29602.3031068654,-78599.2185940909,1295827.0773809054,-0.04554761796423536,2.5999999999999965,-6.20355477691742,0.7055815307314661,1.2245932248599627,1.1907175246732462,14.361113988427864,4.0,61,J,42.5574863892346
GB00BK9RKT01,2019,6440000.0,2497300.0,973500.0,1922900.0,2587100.0,1854400.0,0.0,122800.0,1854400.0,0.01906832298136646,0.047466274979707006,0.7167871361756407,0.2879503105590062,1.2987154818243278,0.7924489052992876,15.678039098080536,55.0,46,G,56.5386364649724
GB00BK9RKT01,2020,6079500.0,2245500.0,840700.0,1522600.0,2713800.0,1744000.0,0.0,-22400.0,1744000.0,-0.0036845135290731147,-0.008254108629965362,0.6426413147615889,0.28686569619212104,1.4747799816104032,0.9226323394194141,15.62043301371861,56.0,46,G,60.6552750725654
GB00BK9RKT01,2021,4400100.0,1891100.0,724400.0,1025200.0,2237800.0,989900.0,0.0,278900.0,989900.0,0.06338492306993022,0.12463133434623291,0.44235409777460005,0.22497215972364265,1.8446156847444402,1.1380218493952399,15.297137825902956,57.0,46,G,58.3033701979216
GB00BK9RKT01,2022,4136400.0,1690100.0,727800.0,1145900.0,2102200.0,787400.0,192500.0,192200.0,979900.0,0.046465525577797116,0.09142802778042051,0.4661307201978879,0.23689681848950778,1.4749105506588707,0.8397765948163016,15.235336402292956,58.0,46,G,63.6207439352227
GB00BK9RKT01,2023,4025500.0,1563200.0,727600.0,924700.0,2040300.0,963900.0,0.0,38100.0,963900.0,0.009464662774810582,0.01867372445228643,0.47243052492280546,0.23944851571233386,1.6904942143397859,0.9036444252189899,15.208159684722172,59.0,46,G,60.8401510923319
GB00BKDTK925,2019,701326.0,144224.0,26.0,168985.0,372913.0,154402.0,309.0,-80938.0,154711.0,-0.11540710026435638,-0.2170425809773325,0.41487156521762447,0.2205978389507875,0.8534722016747048,0.8533183418646626,13.460728107843197,0.0,52,H,11.1886089764844
GB00BKDTK925,2020,592881.0,61091.0,0.0,42157.0,283505.0,266369.0,831.0,-91304.0,267200.0,-0.15400054985739128,-0.3220542847568826,0.9424877868115201,0.4506806593565994,1.4491306307374814,1.4491306307374814,13.292748983305778,1.0,52,H,33.3529377135811
GB00BKDTK925,2021,643005.0,118409.0,0.0,232643.0,259493.0,149996.0,1425.0,-11905.0,151421.0,-0.0185146305238684,-0.04587792348926561,0.5835263378973614,0.23548961516628952,0.5089729757611448,0.5089729757611448,13.373907779239289,2.0,52,H,38.1658800854646
GB00BKDTK925,2022,653171.0,117495.0,0.0,212735.0,290644.0,149014.0,368.0,21217.0,149382.0,0.032483071048775895,0.07299995871237665,0.5139689792323254,0.22870274399812607,0.5523068606482243,0.5523068606482243,13.389594242277203,3.0,52,H,40.9724279202376
GB00BKDTK925,2023,681933.0,150255.0,0.0,221800.0,312016.0,147280.0,841.0,33986.0,148121.0,0.04983774065780656,0.1089239013383929,0.47472245013076253,0.2172075555809735,0.677434625788999,0.677434625788999,13.43268669153048,4.0,52,H,38.7587542443641
GB00BKRC5K31,2019,690600.0,148200.0,59700.0,108100.0,361400.0,209600.0,0.0,49600.0,209600.0,0.0718216044019693,0.13724405091311567,0.5799667957941339,0.3035041992470316,1.3709528214616096,0.818686401480111,13.445316063938028,12.0,22,C,53.0042549267394
GB00BKRC5K31,2020,699800.0,158900.0,52600.0,119100.0,500900.0,68300.0,0.0,18500.0,68300.0,0.02643612460703058,0.03693351966460371,0.1363545617887802,0.09759931408973993,1.334172963895886,0.892527287993283,13.458549858915724,13.0,22,C,56.7671947626983
GB00BKRC5K31,2021,1026000.0,210900.0,80800.0,140600.0,617700.0,213500.0,0.0,41000.0,213500.0,0.03996101364522417,0.06637526307268901,0.34563704063461226,0.2080896686159844,1.5,0.9253200568990043,13.841178304712852,14.0,22,C,58.8977633609991
GB00BKRC5K31,2022,1028200.0,220900.0,89900.0,132600.0,627100.0,210400.0,0.0,36500.0,210400.0,0.035498930169227776,0.05820443310476798,0.3355126774039228,0.20462944952343903,1.6659125188536954,0.9879336349924586,13.84332025860354,15.0,22,C,48.5636954238824
GB00BKRC5K31,2023,978800.0,182700.0,69200.0,130800.0,636600.0,161300.0,0.0,38500.0,161300.0,0.0393338782182264,0.06047753691486019,0.25337731699654414,0.1647936248467511,1.396788990825688,0.867737003058104,13.794082610550653,16.0,22,C,47.6504539387745
GB00BKY40Q38,2019,2693800.0,2150900.0,0.0,1810700.0,679300.0,100000.0,547800.0,86900.0,647800.0,0.032259262009057835,0.12792580597674078,0.9536287354629766,0.24047813497661297,1.1878831391174685,1.1878831391174685,14.806463394146851,54.0,41,F,53.7337844983157
GB00BKY40Q38,2020,625600.0,467800.0,0.0,482200.0,120500.0,12800.0,0.0,320400.0,12800.0,0.5121483375959079,2.6070705394190843,0.10622406639004149,0.020460358056265986,0.9701368726669432,0.9701368726669432,13.346466468213238,55.0,41,F,59.4954588027298
GB00BKY40Q38,2021,632300.0,461900.0,0.0,486300.0,134100.0,11900.0,0.0,7700.0,11900.0,0.012177763719753282,0.05741983594332588,0.08873974645786727,0.018820180294164164,0.9498252107752416,0.9498252107752416,13.357119244046704,56.0,41,F,58.3233570118845
GB00BKY40Q38,2022,655400.0,465000.0,0.0,508400.0,132100.0,14900.0,0.0,6300.0,14900.0,0.00961245041196216,0.04769114307342922,0.11279333838001514,0.022734208117180348,0.9146341463414634,0.9146341463414634,13.39300101524685,57.0,41,F,64.0889226472728
GB00BKY40Q38,2023,712700.0,508500.0,0.0,569900.0,118600.0,24200.0,0.0,9100.0,24200.0,0.012768345727515083,0.07672849915682968,0.20404721753794267,0.03395538094569945,0.8922618003158449,0.8922618003158449,13.476815853489962,58.0,41,F,62.3090381899486
GB00BL6NGV24,2021,859100.0,443600.0,123000.0,155000.0,328200.0,374000.0,0.0,181200.0,374000.0,0.21091840297986264,0.5521023765996343,1.1395490554539915,0.4353393085787452,2.8619354838709676,2.0683870967741935,13.663640608626148,1.0,46,G,31.1696967893599
GB00BL6NGV24,2022,992600.0,508800.0,257800.0,164500.0,404200.0,417700.0,0.0,128900.0,417700.0,0.1298609711867822,0.3189015338941118,1.033399307273627,0.42081402377594196,3.0930091185410333,1.5258358662613982,13.808083042135477,2.0,46,G,40.9275692317531
GB00BL6NGV24,2023,952400.0,437200.0,254600.0,153500.0,368200.0,421600.0,0.0,69200.0,421600.0,0.07265854682906342,0.18794133623030962,1.1450298750678978,0.44267114657706846,2.8482084690553746,1.1895765472312703,13.766740393594844,3.0,46,G,38.1221808561398
GB00BMBVGQ36,2019,4643066.71715523,494303.242194683,12422.3602340014,531036.847303816,862325.190476848,2097778.45276763,0.0,125214.342726775,2097778.45276763,0.026968025736983772,0.14520547945205456,2.432699955810872,0.4518088109776123,0.9308266360505169,0.9074339839265214,15.350885636305502,17.0,61,J,54.9059277647931
GB00BMBVGQ36,2021,10796934.1005062,1707682.15048821,157361.931307793,3053893.37456646,352463.928449574,2466056.49115225,46374.8737960051,75256.8176689586,2512431.3649482555,0.006970202556430374,0.21351636747624056,7.128194297782452,0.23269859217075925,0.5591819821576572,0.5076536830302744,16.09596610138819,19.0,61,J,54.5382945847792
GB00BMBVGQ36,2022,10412499.0807309,1762181.52008487,118412.366792122,3393521.10373533,846287.965044048,1508452.57178712,17815.7164872682,6794.83140444648,1526268.2882743883,0.0006525648983749557,0.00802898266914716,1.803485753451484,0.1465804007703454,0.519278196957489,0.4843845383732584,16.09596610138819,20.0,61,J,55.0497543198775
GB00BMBVGQ36,2023,7786112.40338667,1213929.98947517,170389.914434743,1582977.26958729,1219426.4383279,820541.293015235,12563.3116633912,35334.3140532876,833104.6046786262,0.0045381202097619965,0.02897617514488095,0.6831938184159716,0.10699878983461072,0.766865079365077,0.659226190476188,15.86785224365078,21.0,61,J,56.7691676077031
GB00BMH18Q19,2021,283568.0,231634.0,96.0,232325.0,47567.0,992.0,0.0,32854.0,992.0,0.11585933532697625,0.6906889229928311,0.020854794290159143,0.0034982790723918074,0.9970257182825782,0.9966125040352953,12.55520723229492,1.0,58,J,35.2673994845873
GB00BMH18Q19,2022,320767.0,269681.0,58.0,255742.0,61497.0,917.0,0.0,40421.0,917.0,0.12601358618561137,0.6572840951591135,0.014911296486007447,0.0028587728787562313,1.054504148712374,1.0542773576495061,12.678470281852814,2.0,58,J,37.5909868550223
GB00BMH18Q19,2023,379718.0,322467.0,60.0,297931.0,78336.0,1314.0,0.0,46851.0,1314.0,0.123383668933261,0.5980775122549019,0.01677389705882353,0.003460462764472582,1.0823546391614165,1.0821532502492188,12.847184150942994,3.0,58,J,36.8844558438263
GB00BMVQDZ64,2021,619055.0,407587.0,0.0,19488.0,439454.0,149461.0,353.0,-27364.0,149814.0,-0.044202857581313454,-0.062268178239360664,0.34090940121150337,0.24200434533280565,5.556134870992963,4.715305383022778,13.335949400708232,1.0,58,J,30.6396665078254
GB00BMVQDZ64,2022,806955.0,69172.0,0.0,50984.0,539323.0,150956.0,30983.0,-6127.0,181939.0,-0.00759274061131042,-0.011360539046174557,0.33734700726651745,0.2254636256048974,1.356739369213871,1.356739369213871,13.601023183615538,2.0,58,J,43.6106092719146
GB00BMVQDZ64,2023,885615.0,32361.0,0.0,52392.0,646455.0,136163.0,15688.0,20543.0,151851.0,0.02319630990893334,0.0317779273112591,0.23489802074390329,0.17146389796920783,0.6176706367384334,0.6176706367384334,13.6940375979025,3.0,58,J,42.5031002916621
GB00BMWC6P49,2019,7311538.11644693,1874116.73734219,842453.572199506,1780796.168877,3754226.53871426,1280803.39838461,218318.761088287,695195.427465446,1499122.159472897,0.09508196721311478,0.18517673888255426,0.39931584948688614,0.20503512880562005,1.0524038461538467,0.5793269230769225,15.804964222238963,12.0,17,C,89.0437906728676
GB00BMWC6P49,2020,7650621.01027776,2066499.75896113,776308.980246901,1270988.78980352,4006815.01936622,1874479.86985412,98753.0858264609,532169.406953706,1973232.955680581,0.06955898171387598,0.13281606572341395,0.4924691921497035,0.2579180112346124,1.6258992805755481,1.015107913669071,15.850297380322065,13.0,17,C,89.3677278140843
GB00BMWC6P49,2021,7807810.30689248,2462651.32344595,926550.429464943,1462752.49783592,4121842.62934859,1773850.86769267,87680.841368839,637372.269950406,1861531.709061509,0.08163265306122443,0.1546328492534261,0.4516260994068332,0.23841917719468794,1.6835734870317007,1.0501440922190206,15.870635112068427,14.0,17,C,88.8043683266184
GB00BMWC6P49,2022,9586848.05374569,4656873.08888965,1316899.01355961,1874592.48842948,5527440.5575851,1741134.93739089,163507.595643307,1283313.66958963,1904642.533034197,0.13386189729879205,0.23217141029740912,0.34457946913974996,0.1986724439937307,2.4842055634134885,1.7817067421027843,16.075902722736256,15.0,17,C,86.8474615189224
GB00BMWC6P49,2023,8645305.46381335,3403807.03879363,910169.152101586,1632057.36425461,5289219.40058272,1266774.98767237,32970.8558435274,-132751.077475255,1299745.8435158974,-0.015355279004415879,-0.025098425196850346,0.24573490813648283,0.1503412284223204,2.0855927698032906,1.527910685805418,15.972527010635309,16.0,17,C,88.3387345296128
GB00BN3ZZ526,2021,383983.0,112515.0,44971.0,72557.0,185290.0,104863.0,0.0,20836.0,104863.0,0.05426281892687958,0.11245075287387339,0.5659398780290356,0.2730928192133506,1.5507118541284783,0.9309094918477886,12.858353559756548,7.0,77,N,35.7488884988841
GB00BN3ZZ526,2022,411366.0,129311.0,57151.0,69952.0,208308.0,83065.0,0.0,35610.0,83065.0,0.0865652484648707,0.17094878737254451,0.3987604892754959,0.20192480661989567,1.8485675892040256,1.0315645013723695,12.927238608157639,8.0,77,N,46.1193596172721
GB00BN3ZZ526,2023,440646.0,132560.0,58980.0,67462.0,226245.0,116704.0,0.0,37373.0,116704.0,0.08481411382379507,0.16518818095427523,0.5158301840924662,0.2648475193239017,1.9649580504580357,1.0906880910734933,12.995997110987457,9.0,77,N,42.7294857045311
GB00BN7CG237,2019,2231100.0,567500.0,200700.0,890200.0,329600.0,936400.0,114800.0,-126400.0,1051200.0,-0.0566536685939671,-0.38349514563106796,3.1893203883495147,0.47115772488906815,0.6374971916423275,0.4120422376993934,14.6180052953595,1.0,29,C,41.412320982431
GB00BN7CG237,2020,2794800.0,889500.0,207400.0,808300.0,804100.0,1065000.0,113500.0,-419300.0,1178500.0,-0.15002862458852154,-0.5214525556522821,1.4656137296356175,0.4216759696579362,1.100457750835086,0.8438698503031052,14.843271105660433,2.0,29,C,42.077142380348
GB00BN7CG237,2021,2842500.0,867900.0,196800.0,905200.0,660400.0,1168600.0,114300.0,-191600.0,1282900.0,-0.06740545294635004,-0.2901271956390067,1.942610539067232,0.45132805628847844,0.9587936367653557,0.7413831197525409,14.860194504606827,3.0,29,C,43.3368089483134
GB00BN7CG237,2022,3104300.0,1125400.0,286200.0,1056800.0,723500.0,1196400.0,107100.0,-528600.0,1303500.0,-0.15595407598866856,-0.7306150656530753,1.801658604008293,0.41990142705279776,1.0649129447388341,0.7940953822861468,14.948298805099522,4.0,29,C,53.1729104517395
GB00BN7CG237,2023,3173000.0,991500.0,272700.0,986100.0,923100.0,1068800.0,89400.0,-228100.0,1158200.0,-0.07188780334068705,-0.24710215577943884,1.2546852995341784,0.36501733375354556,1.0054761180407668,0.7289321569820505,14.970188070565333,5.0,29,C,53.0432466860281
GB00BNLPYF73,2021,2237400.0,342000.0,40200.0,302100.0,704800.0,1172800.0,5700.0,-9700.0,1178500.0,-0.0043353892911415035,-0.013762769580022701,1.672105561861521,0.5267274515062126,1.1320754716981132,0.9990069513406157,14.620825035394967,7.0,86,Q,53.7706921118978
GB00BNLPYF73,2022,2159800.0,218900.0,40600.0,283400.0,725100.0,1095100.0,2900.0,8600.0,1098000.0,0.003981850171312158,0.011860433043718107,1.5142738932561026,0.5083804055931105,0.7724064925899788,0.6291460832745236,14.585526182780796,8.0,86,Q,43.6494513262872
GB00BNLPYF73,2023,2288100.0,219500.0,44300.0,317600.0,737800.0,1155200.0,3400.0,27300.0,1158600.0,0.01193129670905992,0.03700189753320683,1.5703442667389536,0.506358987806477,0.6911209068010076,0.5516372795969773,14.64323233682044,9.0,86,Q,48.6136077786082
GB00BNNTLN49,2019,6762500.0,1202300.0,34800.0,813100.0,1712100.0,3654900.0,289100.0,206300.0,3944000.0,0.030506469500924213,0.12049529817183575,2.3036037614625315,0.5832162661737523,1.478661911204034,1.4358627475095314,15.726903202136874,30.0,37,E,55.5090046433909
GB00BNNTLN49,2021,5331700.0,804700.0,7700.0,415200.0,1274600.0,2949200.0,70000.0,15400.0,3019200.0,0.0028883845677738808,0.01208222187352895,2.3687431351012083,0.5662734212352533,1.938102119460501,1.9195568400770713,15.489180694631838,32.0,37,E,73.968812836074
GB00BNNTLN49,2022,5185500.0,442500.0,10000.0,355500.0,1125200.0,2993600.0,92700.0,100.0,3086300.0,1.9284543438434095e-05,8.887308922858158e-05,2.7428901528617136,0.5951788641403915,1.2447257383966244,1.2165963431786218,15.461376827011925,33.0,37,E,76.2759119558795
GB00BNNTLN49,2023,6238500.0,569400.0,13200.0,592700.0,1162600.0,3763000.0,186300.0,-9500.0,3949300.0,-0.0015228019555983009,-0.008171340099776363,3.396955100636504,0.6330528171836178,0.9606883752319892,0.9384174118441032,15.646250326833213,34.0,37,E,76.4152922650731
GB00BP0RGD03,2019,4937900.0,4457700.0,3114700.0,1575000.0,2963300.0,300000.0,0.0,627400.0,300000.0,0.1270580611190992,0.21172341646137752,0.10123848412243107,0.06075457178152656,2.830285714285714,0.8526984126984127,15.412450697568394,43.0,41,F,60.1821418744087
GB00BP0RGD03,2020,5650800.0,5267200.0,3554900.0,1924200.0,3101600.0,301300.0,200000.0,410100.0,501300.0,0.07257379486090465,0.1322220789270054,0.16162625741552747,0.08871310256954767,2.7373453902920692,0.8898763122336556,15.547307686019646,44.0,41,F,60.9427232705767
GB00BP0RGD03,2021,5552200.0,5164000.0,3652500.0,1682000.0,3175400.0,301700.0,0.0,422700.0,301700.0,0.07613198371816578,0.13311708761100963,0.09501165207532909,0.05433882064767119,3.0701545778834722,0.8986325802615933,15.529704803574718,45.0,41,F,58.4081508493698
GB00BP0RGD03,2022,6587700.0,6213100.0,5134000.0,1969500.0,3136100.0,663800.0,0.0,482400.0,663800.0,0.07322737829591511,0.1538216255859188,0.21166416887216608,0.10076354418082184,3.1546585427773546,0.5479055597867479,15.700714831902193,46.0,41,F,55.5154069786987
GB00BP0RGD03,2023,6859700.0,6464800.0,5302100.0,1886000.0,3332300.0,662900.0,0.0,465700.0,662900.0,0.06788926629444436,0.1397533235302944,0.19893166881733337,0.09663687916381183,3.4277836691410393,0.6164899257688229,15.74117426696738,47.0,41,F,75.5403747033784
GB00BP92CJ43,2019,2851000.0,1132000.0,456000.0,508000.0,1399000.0,682000.0,10000.0,265000.0,692000.0,0.09294984216064539,0.18942101501072195,0.49463902787705505,0.24272185198176077,2.2283464566929134,1.330708661417323,14.86318036789481,116.0,10,C,57.13705073247
GB00BP92CJ43,2020,2967000.0,1302000.0,532000.0,557000.0,1454000.0,746000.0,15000.0,253000.0,761000.0,0.08527131782945736,0.17400275103163687,0.5233837689133425,0.2564880350522413,2.3375224416517058,1.3824057450628366,14.90306189927296,117.0,10,C,60.0596735784443
GB00BP92CJ43,2021,3251000.0,2460000.0,715000.0,780000.0,1620000.0,658000.0,11000.0,236000.0,669000.0,0.07259304829283297,0.145679012345679,0.412962962962963,0.205782836050446,3.1538461538461537,2.2371794871794872,14.994473199286043,118.0,10,C,64.0520819528901
GB00BP92CJ43,2022,2507000.0,1284000.0,446000.0,572000.0,1190000.0,592000.0,14000.0,190000.0,606000.0,0.07578779417630634,0.15966386554621848,0.5092436974789916,0.24172317510969285,2.2447552447552446,1.465034965034965,14.73459737714043,119.0,10,C,65.7108995398837
GB00BP92CJ43,2023,2282000.0,1087000.0,353000.0,338000.0,1239000.0,573000.0,7000.0,188000.0,580000.0,0.08238387379491674,0.15173527037933818,0.46811945117029863,0.2541630148992112,3.2159763313609466,2.171597633136095,14.640562809404159,120.0,10,C,57.2157586283374
GB00BR3VDF43,2020,357200.0,65400.0,0.0,111200.0,137700.0,106600.0,5000.0,22600.0,111600.0,0.06326987681970885,0.16412490922294845,0.8104575163398693,0.3124300111982083,0.5881294964028777,0.5881294964028777,12.78605112798448,20.0,58,J,29.1120250211904
GB00BR3VDF43,2021,459600.0,74400.0,0.0,128000.0,106300.0,224500.0,5000.0,24900.0,229500.0,0.054177545691906005,0.23424270931326435,2.1589840075258704,0.4993472584856397,0.58125,0.58125,13.038111824956738,21.0,58,J,29.0691797603669
GB00BR3VDF43,2022,511600.0,98200.0,0.0,145800.0,48300.0,308200.0,0.0,30500.0,308200.0,0.059616888193901485,0.6314699792960663,6.380952380952381,0.6024237685691947,0.6735253772290809,0.6735253772290809,13.145298348686826,22.0,58,J,32.0361313348127
GB00BR3VDF43,2023,492300.0,89500.0,0.0,144300.0,57800.0,285100.0,0.0,30800.0,285100.0,0.06256347755433679,0.532871972318339,4.932525951557094,0.5791184237253707,0.6202356202356203,0.6202356202356203,13.106843565746292,23.0,58,J,26.4205807897281
GB00BRJQ8J25,2019,7315400.0,153200.0,0.0,215700.0,4377200.0,2544800.0,0.0,-781200.0,2544800.0,-0.10678841895180032,-0.17847025495750707,0.5813762222425295,0.34786887935041144,0.7102457116365323,0.7102457116365323,15.805492273101292,79.0,68,L,77.3540084959525
GB00BRJQ8J25,2020,5906300.0,552800.0,0.0,323600.0,3208900.0,2185500.0,0.0,-1734800.0,2185500.0,-0.15595407598866856,-0.540621396740316,0.6810745115148493,0.37002861351438293,1.7082818294190358,1.7082818294190358,15.591530135796823,80.0,68,L,73.7297213296588
GB00BRJQ8J25,2021,4913900.0,546600.0,0.0,180000.0,2746000.0,1872700.0,0.0,-429100.0,1872700.0,-0.08732371436130161,-0.15626365622723962,0.6819737800436999,0.3811025865402226,3.0366666666666666,3.0366666666666666,15.407578481835847,81.0,68,L,67.4539436033095
GB00BRJQ8J25,2022,4536400.0,349600.0,0.0,185100.0,2586400.0,1691400.0,0.0,-164200.0,1691400.0,-0.03619610263645181,-0.06348592638416331,0.6539591710485617,0.372850718631514,1.8887088060507833,1.8887088060507833,15.327644303923313,82.0,68,L,71.6795988744326
GB00BRJQ8J25,2023,4327800.0,553800.0,0.0,241100.0,2462600.0,1555900.0,0.0,-51400.0,1555900.0,-0.011876704099080364,-0.02087224884268659,0.6318119061154877,0.3595129164933685,2.296972210700954,2.296972210700954,15.28056988771982,83.0,68,L,69.06352395905
GB00BVFNZH21,2019,722035.0,355491.0,73905.0,129435.0,539400.0,6791.0,66.0,94100.0,6857.0,0.13032609222544614,0.17445309603262885,0.012712272895810159,0.009496769547182616,2.746482790589871,2.1755012168269787,13.489828893154312,62.0,28,C,62.6334951202409
GB00BVFNZH21,2020,751981.0,396985.0,61467.0,121714.0,570754.0,5396.0,69.0,85758.0,5465.0,0.11404277501692198,0.15025387469908227,0.009575053350480242,0.007267470853651888,3.2616215061537703,2.7566097572998998,13.53046633665534,63.0,28,C,65.8619886094801
GB00BVFNZH21,2021,666753.0,336272.0,68447.0,112628.0,534080.0,5464.0,65.0,80245.0,5529.0,0.1203519144270817,0.15024902636309168,0.010352381665668065,0.00829242613081606,2.985687395674255,2.3779610753986575,13.410174941471709,64.0,28,C,65.0170601739479
GB00BVFNZH21,2022,731966.0,388617.0,92306.0,119017.0,589907.0,5405.0,0.0,93243.0,5405.0,0.12738706442648975,0.15806389820768357,0.009162461201511424,0.007384222764445343,3.265222615256644,2.4896527386843896,13.503489343777272,65.0,28,C,75.8559806298723
GB00BVFNZH21,2023,773782.0,411738.0,83963.0,133206.0,622295.0,8826.0,0.0,113135.0,8826.0,0.14621043136180475,0.18180284270321953,0.014182983954555315,0.01140631340610146,3.0909868924823205,2.460662432623155,13.559045459153229,66.0,28,C,75.0440688786911
GB00BYN59130,2019,353900.0,141800.0,15500.0,122900.0,-41300.0,248300.0,0.0,13100.0,248300.0,0.03701610624470189,-0.3171912832929782,-6.012106537530267,0.7016106244701893,1.1537835638730676,1.0276647681041498,12.776769666333555,20.0,56,I,51.1671956697757
GB00BYN59130,2020,592200.0,167100.0,12900.0,131700.0,-8800.0,452300.0,0.0,41100.0,452300.0,0.06940222897669707,-1.9209540067307227,-6.20355477691742,0.7055815307314661,1.2687927107061503,1.1708428246013667,13.291599694649628,21.0,56,I,55.8673983636813
GB00BYN59130,2021,522000.0,107100.0,10900.0,117800.0,-58600.0,445800.0,0.0,78300.0,445800.0,0.15,-1.3361774744027304,-6.20355477691742,0.7055815307314661,0.9091680814940577,0.8166383701188455,13.165422866864775,22.0,56,I,57.1073855719424
GB00BYN59130,2022,520700.0,147200.0,11600.0,128500.0,-112800.0,203400.0,0.0,81600.0,203400.0,0.15671211830228537,-0.723404255319149,-1.803191489361702,0.39062800076819665,1.1455252918287937,1.0552529182879378,13.16292933915099,23.0,56,I,78.5438411953425
GB00BYN59130,2023,512500.0,134700.0,11400.0,143400.0,-134000.0,209200.0,0.0,115000.0,209200.0,0.22439024390243903,-0.8582089552238806,-1.5611940298507463,0.4081951219512195,0.9393305439330544,0.8598326359832636,13.1470559899947,24.0,56,I,70.3605892340639
GB00BYRJ5J14,2019,2573400.0,159800.0,0.0,66000.0,1228500.0,1262300.0,6100.0,-71300.0,1268400.0,-0.027706536100101032,-0.05803825803825804,1.0324786324786326,0.4928887852646304,2.4212121212121214,2.4212121212121214,14.760738539733026,24.0,68,L,16.0643739694802
GB00BYRJ5J14,2020,2697100.0,121000.0,0.0,68100.0,1414400.0,1211000.0,6400.0,112000.0,1217400.0,0.04152608357124319,0.07918552036199095,0.8607183257918553,0.45137369767528085,1.776798825256975,1.776798825256975,14.807687679669563,25.0,68,L,32.2954857975326
GB00BYRJ5J14,2021,2853100.0,51700.0,700.0,70500.0,1499900.0,1277500.0,2200.0,140100.0,1279700.0,0.04910448284322316,0.09340622708180546,0.8531902126808454,0.4485296694823175,0.7333333333333333,0.723404255319149,14.863916680405065,26.0,68,L,41.1761044362173
GB00BYRJ5J14,2022,2864500.0,48200.0,1300.0,64100.0,1482200.0,1300300.0,2300.0,56300.0,1302600.0,0.019654389945889333,0.03798407772230468,0.878828768047497,0.45473904695409323,0.7519500780031201,0.7316692667706708,14.86790437283077,27.0,68,L,42.2432420249755
GB00BYRJ5J14,2023,2826900.0,40000.0,1400.0,71200.0,1423900.0,1323900.0,2400.0,27300.0,1326300.0,0.009657221691605647,0.019172694711707284,0.9314558606643725,0.4691711769075666,0.5617977528089888,0.5421348314606742,14.854691262862957,28.0,68,L,55.2763397493269
GB00BYZDVK82,2019,384140.0,375654.0,11084.0,268748.0,115392.0,,0.0,68461.0,0.0,0.17821887853386786,0.5932906960621187,0.0,0.0,1.3977927277598345,1.3565496301367823,12.858762348458843,32.0,62,J,23.8881581494764
GB00BYZDVK82,2020,430946.0,406642.0,11744.0,279662.0,140747.0,7972.0,0.0,75664.0,7972.0,0.1755765223485077,0.5375887230278443,0.056640638876849954,0.01849883744134996,1.4540481009218271,1.4120545515658187,12.973738071213232,33.0,62,J,30.4160833864231
GB00BYZDVK82,2021,497359.0,470233.0,38411.0,308885.0,179144.0,5704.0,0.0,96185.0,5704.0,0.19339149387062463,0.5369144375474478,0.03184030723886929,0.011468577023839922,1.5223562167149587,1.39800249283714,13.117067378325146,34.0,62,J,47.9579952204896
GB00BYZDVK82,2022,672058.0,644140.0,5104.0,453388.0,211100.0,0.0,0.0,110405.0,0.0,0.16427897592172105,0.5229985788725723,0.0,0.0,1.4207257360141865,1.409468270002735,13.418099925304643,35.0,62,J,45.4870458088206
GB00BYZDVK82,2023,647722.0,616253.0,3591.0,386218.0,251445.0,0.0,0.0,112029.0,0.0,0.1729584605741352,0.4455407743244049,0.0,0.0,1.595609215520768,1.5863113578341765,13.381216870936608,36.0,62,J,45.2053984406437
GB00BZ0D6727,2019,113420.0,89305.0,0.0,49272.0,59154.0,2466.0,0.0,18564.0,2466.0,0.16367483688943749,0.3138249315346384,0.04168779795111066,0.02174219714336096,1.8124898522487416,1.8124898522487416,11.63885302156802,4.0,58,J,26.7353453884837
GB00BZ0D6727,2020,164462.0,138664.0,0.0,72725.0,87608.0,2394.0,0.0,39601.0,2394.0,0.24079118580583964,0.45202492923020726,0.027326271573372293,0.014556554097603093,1.9066895840495015,1.9066895840495015,12.010434819462738,5.0,58,J,31.4629181183221
GB00BZ0D6727,2021,207222.0,158806.0,0.0,96006.0,107690.0,2268.0,0.0,35768.0,2268.0,0.17260715561089074,0.332138545825982,0.0210604512953849,0.010944783854996091,1.6541257838051788,1.6541257838051788,12.2415459613372,6.0,58,J,43.6511775555498
GB00BZ0D6727,2022,233601.0,190446.0,0.0,102638.0,129347.0,585.0,0.0,41645.0,585.0,0.17827406560759584,0.3219634007746604,0.004522717960215544,0.0025042701015834693,1.8555116038893977,1.8555116038893977,12.361369810748965,7.0,58,J,43.1672012836038
GB00BZ0D6727,2023,278844.0,205286.0,0.0,113235.0,156813.0,4883.0,0.0,48715.0,4883.0,0.17470341839881798,0.3106566419875903,0.031138999955360843,0.017511583537748704,1.8129200335585287,1.8129200335585287,12.538407764641613,8.0,58,J,48.1374102951939
IE0003864109,2019,1387200.0,485400.0,45900.0,602300.0,305800.0,330100.0,223400.0,106000.0,553500.0,0.07641291810841984,0.34663178548070633,1.8100065402223675,0.3990051903114187,0.8059106757429852,0.7297028059106757,14.142797885008415,28.0,10,C,41.6542390219187
IE0003864109,2020,1427100.0,481700.0,47300.0,552700.0,282200.0,397500.0,220000.0,-11500.0,617500.0,-0.008058300049050521,-0.0407512402551382,2.1881644223954644,0.43269567654684327,0.8715397141306315,0.7859598335444183,14.171154971088482,29.0,10,C,47.8921267524451
IE0003864109,2021,1291500.0,363100.0,47700.0,499000.0,423200.0,251100.0,45500.0,25400.0,296600.0,0.01966705381339528,0.06001890359168242,0.7008506616257089,0.22965543941153696,0.7276553106212424,0.632064128256513,14.071314891518032,30.0,10,C,58.7464491688363
IE00B00MZ448,2019,2878728.0,1071020.0,317632.0,603984.0,1362651.0,827260.0,0.0,119232.0,827260.0,0.04141829307944342,0.08750002751988586,0.6070960209180487,0.28736997729552777,1.773258894275345,1.2473641685872474,14.872859087882011,88.0,47,G,43.2090963144931
IE00B00MZ448,2020,2982275.0,1132889.0,321558.0,634501.0,1467023.0,753049.0,0.0,107542.0,753049.0,0.03606039013840105,0.07330628081495655,0.5133177871103589,0.2525082361619904,1.785480243529955,1.27869144414272,14.908196990041406,89.0,47,G,43.7846311292818
IE00B00MZ448,2021,2953267.0,1428658.0,344172.0,578666.0,1719599.0,568671.0,84030.0,341267.0,652701.0,0.11555575571054022,0.1984573147576848,0.37956581737951695,0.22100981726339,2.4688818765920235,1.874113910269482,14.8984225731643,90.0,47,G,44.3593567557091
IE00B00MZ448,2022,2986833.0,1383540.0,399565.0,507286.0,1745579.0,642700.0,0.0,208618.0,642700.0,0.06984588693107381,0.11951220769727408,0.3681872891458937,0.2151777484713742,2.727337241713747,1.9396849114700583,14.909724186696549,91.0,47,G,51.9453647149841
IE00B00MZ448,2023,2806514.0,1212786.0,361598.0,492956.0,1655801.0,568309.0,0.0,148723.0,568309.0,0.05299207486582999,0.08981936839028362,0.3432230080788694,0.2024964065741343,2.460231744821039,1.7267017746005728,14.84745370177169,92.0,47,G,55.7268302444131
IM00B7S9G985,2019,2652114.04974839,860893.374067425,0.0,665413.323844987,1046394.11652812,856888.294991461,176.367312879165,-16755.7508755249,857064.6623043402,-0.006317884736938271,-0.016012848897812605,0.819064871224654,0.3231628226492187,1.293772371573336,1.293772371573336,14.790867634547354,17.0,58,J,41.4494704644365
IM00B7S9G985,2020,2808519.47329606,855220.010865638,4297.58799429969,741379.648037912,819467.736274761,1142335.46410183,0.0,-271845.300150063,1142335.46410183,-0.09679309783493405,-0.3317339879491185,1.3939968756973904,0.40673937815399674,1.153552047360632,1.1477553034040457,14.848168024630448,18.0,58,J,49.4428290296252
IM00B7S9G985,2021,3079199.39357126,713165.612633662,4131.11656449338,693353.114824357,1333086.02281162,941810.268203173,0.0,568745.149879027,941810.268203173,0.18470552802343715,0.4266379964583854,0.706488742727041,0.305862059524135,1.0285749027237354,1.0226167315175096,14.940180184008051,19.0,58,J,54.6088489204295
IM00B7S9G985,2022,2671272.20039098,639093.742755002,4861.03662723346,668525.109970798,1503386.05507711,355297.5862087,0.0,77423.0560992092,355297.5862087,0.028983589200635262,0.05149911816578484,0.2363315696649032,0.13300688194812083,0.9559756742464294,0.948704389212056,14.798065396443283,20.0,58,J,67.0346897745105
IM00B7S9G985,2023,2898919.11733709,737419.220563525,5900.04788778912,519464.510355786,1580431.94523645,614299.103610985,0.0,91190.4460303877,614299.103610985,0.03145670587531055,0.05769969805105692,0.38869063958276234,0.21190625841788654,1.4195757474528141,1.4082178052446965,14.879848507320402,21.0,58,J,73.5502975778124
JE00BN574F90,2019,3862898.12179613,1395504.18828293,62666.5054062518,1173379.34733799,1094492.23303592,1505325.68785626,14891.0507896044,249159.189104631,1520216.7386458644,0.06450058511736767,0.22764820213799897,1.3889698736637563,0.39354305775452597,1.189303520169217,1.1358966611270656,15.166928268480595,10.0,51,H,23.0114958426114
JE00BN574F90,2020,4022993.33706331,1411702.14673725,45744.8740524923,1042761.6448353,769825.748253953,2057156.35659895,324303.045657054,-487349.021330183,2381459.402256004,-0.12114089696353716,-0.6330640699347128,3.093504481575744,0.5919620548003226,1.3538109631566115,1.3099419982027678,15.207536794719594,11.0,51,H,38.3807826081811
JE00BN574F90,2021,4529965.8774689,1329954.88178336,59964.2614425692,1161818.13742817,223195.607823611,3003625.92506545,33069.1484119105,-534350.075873276,3036695.0734773604,-0.1179589626780681,-1.9209540067307227,13.605532398635848,0.6703571628610372,1.1447186430807335,1.0931062095071729,15.326224964863275,12.0,51,H,50.807105084001
JE00BN574F90,2022,6181495.62495111,1900565.61151545,259759.198614743,2741707.37374154,-314505.470853236,3538032.76543531,730331.089204035,-459587.486047059,4268363.854639345,-0.07434891390879111,1.4613020396758871,-6.20355477691742,0.6905066530194468,0.6932051282051284,0.5984615384615387,15.637070810663943,13.0,51,H,54.4049466595224
JE00BN574F90,2023,7452964.4373914,2207885.74886805,285950.262373779,2550408.90487693,124888.948524759,4444486.52708118,446925.859717291,322808.359742102,4891412.386798471,0.04331274655257682,2.5847632120796167,18.61510970996217,0.6563042703193827,0.8656987295825771,0.7535793506755396,15.82412242226938,14.0,51,H,52.7246039913339
JE00BYVQYS01,2019,8953300.00000004,773200.0,1300.0,2139700.0,880500.000000003,5919600.0,9699.99999999998,450600.0,5929300.0,0.0503278120916308,0.5117546848381583,6.734014764338421,0.6622474394915813,0.36135906902836845,0.3607515072206384,16.00753273737614,16.0,68,L,52.1176580324399
JE00BYVQYS01,2020,8964299.99999999,1105100.0,1300.0,2435500.0,513800.0,5939100.0,21900.0,-646800.0,5961000.0,-0.07215287306315057,-1.2588555858310626,11.601790579992215,0.6649710518389619,0.45374666392937796,0.45321289262985015,16.008760580545083,17.0,68,L,49.5562124495879
JE00BYVQYS01,2021,8411999.99999996,831999.999999998,1000.0,2267000.0,305000.0,5642000.0,22000.0,-205000.0,5664000.0,-0.02436994769377092,-0.6721311475409836,18.57049180327869,0.6733238231098462,0.3670048522276127,0.3665637406263776,15.945169815804723,18.0,68,L,45.6240915445491
JE00BYVQYS01,2022,9188000.0,1152000.0,999.999999999998,3020000.0,312000.0,5625000.0,285000.0,-69000.0,5910000.0,-0.007509795385285154,-0.22115384615384615,18.61510970996217,0.6432303003918154,0.38145695364238413,0.38112582781456955,16.033408842791125,19.0,68,L,47.3122301078619
JE00BYVQYS01,2023,8210124.17202612,1063955.45649344,785.206978961947,2748224.42636681,85587.5607068522,5164306.30063273,13348.5186423531,-211220.677340764,5177654.819275083,-0.025726855394032157,-1.9209540067307227,18.61510970996217,0.630642693190513,0.38714285714285845,0.3868571428571441,15.920878605799757,20.0,68,L,50.3294625895649
NL0012650360,2019,2842082.19336736,1301351.04648704,516002.812972197,704270.638710684,723191.598005003,883206.407602653,61214.868305147,119005.128593223,944421.2759078001,0.04187251476081456,0.16455546347815803,1.3059074227536402,0.3322990721773706,1.847799659615851,1.1151227814247495,14.860047508180642,2.0,23,C,51.7954716978172
NL0012650360,2020,2791329.12131886,1335909.79993018,436525.21456993,757381.305463496,609068.800638941,939617.324030289,120241.025797959,22676.6345231132,1059858.349828248,0.008123955842369043,0.0372316468998648,1.7401291097432803,0.3796966619713698,1.7638536762042745,1.1874924544247258,14.842028427930499,3.0,23,C,54.1239400956736
NL0012650360,2021,3299919.05001704,1824014.4259758,823272.515352608,1019542.7064167,693184.497821725,1146932.85190547,129076.315515089,204953.966699661,1276009.167420559,0.062108786183286115,0.29567015324738494,1.8407929944052595,0.38667893002222886,1.7890515174067678,0.9815595799222716,15.009408495837969,4.0,23,C,49.9344209292463
NL0012650360,2022,3601497.8458752,1934427.43018652,927220.641023749,984492.490740972,926778.728603091,1282694.99220071,190110.723366894,137611.527792773,1472805.7155676042,0.03820952661415018,0.14848369254243807,1.589166507724584,0.40894255073744123,1.9648981057545554,1.0230720890564673,15.096860385192592,5.0,23,C,50.0099855833508
NL0012650360,2023,4207775.32891502,2118984.84581744,864096.719330762,950168.006164392,1183046.36691183,1606288.03745059,99172.8637609259,142815.865048542,1705460.9012115158,0.033940943582975766,0.1207187385405206,1.441584158415847,0.4053117782909932,2.2301159711441882,1.3207013058168215,15.252444640556778,6.0,23,C,48.3534169190518
